sample_id,eem_filename,eem_relative_path,eem_match_method,eem_excel_row,Label,Point,Year,Month,Round,Depth,Sampling date,Sampling time,Temp(0.0),pH(0.0),"DO
(0.0)","BOD
(0.0)","COD
(0.0)","SS
(0.0)","EC
(0)","T-N
(0.000)","DTN
(0.000)","NO3-N
(0.000)","NH3-N
(0.000)","T-P
(0.000)","DTP
(0.000)","PO₄-P
(0.000)","Chlorophyll a
(0.0)","TOC
(0.0)",Transparency\(0.0),E-coliform group(0),Fecal coliform count(0),"phenol
(0.000)",Color(0),N-Hexane(0.0),"Mn
(0.00000)","Fe
(0.00000)","CN
(0.00)","Cr6+
(0.000)","Cr
(0.0000)","Cu
(0.00000)","Zn
(0.00000)",F(0.00),"Ni
(0.00000)","Ba
(0.00000)"
0,ha1-1.xlsx,1.JAN/ha1-1.xlsx,label_and_round,22,Ha1,Anseong stream3,2023,1,1,0.5,2023.01.02,11:38,2.4,8.4,13.5,1.7,5.7,5.0,560,6.865,6.768,3.831,1.639,0.118,0.111,0.073,0.5,3.5,,48000.0,2400.0,,,,,,,,,,,,,
1,ha1-2.xlsx,1.JAN/ha1-2.xlsx,label_and_round,23,Ha1,Anseong stream3,2023,1,2,0.5,2023.01.09,11:05,5.4,7.9,12.2,1.2,6.3,8.8,662,7.823,7.272,3.828,2.292,0.155,0.095,0.067,1.4,3.9,,39000.0,2500.0,,,,,,,,,,,,,
2,ha1-3.xlsx,1.JAN/ha1-3.xlsx,label_and_round,24,Ha1,Anseong stream3,2023,1,3,0.5,2023.01.18,13:22,4.1,7.9,13.8,2.0,6.0,1.0,462,4.591,4.558,2.913,0.819,0.138,0.092,0.068,0.4,4.1,,33000.0,3100.0,,,,,,,,,,,,,
3,ha10.xlsx,1.JAN/ha10.xlsx,label_only,12,Ha10,Yeongdeungpo,2023,1,1,0.5,2023.01.10,10:45,2.5,8.1,13.6,0.9,3.8,3.4,336,5.111,4.953,3.429,0.617,0.027,0.011,0.009,1.1,2.5,,3200.0,220.0,,,,,,,,,,,,,
4,ha11.xlsx,1.JAN/ha11.xlsx,label_only,13,Ha11,Kimpo,2023,1,1,0.5,2023.01.10,11:16,3.3,7.8,13.7,1.2,4.5,6.2,367,5.93,5.498,3.995,0.793,0.042,0.015,0.005,1.5,2.9,,13000.0,1800.0,,,,,,,,,,,,,
5,ha12.xlsx,1.JAN/ha12.xlsx,label_only,14,Ha12,Paju,2023,1,1,0.5,2023.01.09,13:30,6.5,7.5,12.7,1.3,6.4,52.4,507,9.005,7.795,4.38,2.017,0.067,0.044,0.022,1.0,3.6,,55000.0,2000.0,,,,,,,,,,,,,
6,ha13.xlsx,1.JAN/ha13.xlsx,label_only,8,Ha13,Dogok,2023,1,1,0.5,2023.01.10,12:20,3.5,8.1,14.1,0.8,2.9,1.8,247,2.895,2.703,2.375,0.061,0.118,0.008,0.004,0.8,1.7,,820.0,11.0,,,,,,,,,,,,,
7,ha15.xlsx,1.JAN/ha15.xlsx,label_only,9,Ha15,Amsa,2023,1,1,0.5,2023.01.10,11:04,3.9,8.2,13.7,0.8,3.3,2.6,288,3.223,2.965,2.595,0.097,0.012,0.006,,1.8,2.0,,2800.0,220.0,,,,,,,,,,,,,
8,ha16.xlsx,1.JAN/ha16.xlsx,label_only,10,Ha16,Jamsil,2023,1,1,0.5,2023.01.10,10:45,3.4,8.3,13.1,0.7,3.2,3.4,270,3.177,2.892,2.498,0.066,0.011,,,0.9,1.9,,300.0,70.0,,,,,,,,,,,,,
9,ha17.xlsx,1.JAN/ha17.xlsx,label_only,4,Ha17,Kyungan stream 3,2023,1,1,0.5,2023.01.18,11:21,2.9,7.8,13.3,1.0,3.1,4.2,458,4.06,3.863,2.986,0.377,0.148,0.096,0.096,0.6,1.8,,46000.0,20000.0,,,,,,,,,,,,,
10,ha18.xlsx,1.JAN/ha18.xlsx,label_only,5,Ha18,Kyungan stream 5,2023,1,1,0.5,2023.01.18,11:02,4.2,7.7,12.9,1.1,4.1,3.0,546,4.653,4.622,3.618,0.256,0.074,0.061,0.054,0.2,2.8,,64000.0,6000.0,,,,,,,,,,,,,
11,ha19.xlsx,1.JAN/ha19.xlsx,label_only,6,Ha19,Kyungan stream 7,2023,1,1,0.5,2023.01.18,10:40,3.3,7.8,13.2,1.0,4.7,5.2,513,4.867,4.622,3.334,0.698,0.084,0.057,0.037,0.4,2.9,,63000.0,7600.0,,,,,,,,,,,,,
12,ha2-1.xlsx,1.JAN/ha2-1.xlsx,label_and_round,7,Ha2,Kyungan stream11,2023,1,1,0.5,2023.01.18,10:07,3.7,8.4,13.8,1.3,3.4,4.2,209,2.246,2.18,1.663,0.132,0.026,0.012,0.005,0.7,2.1,,13000.0,900.0,,,,,,,,,,,,,
13,ha21.xlsx,1.JAN/ha21.xlsx,label_only,3,Ha21,Kyungan stream 2,2023,1,1,0.5,2023.01.18,12:17,3.8,8.0,14.1,1.0,2.6,3.6,312,2.978,2.935,2.248,0.223,0.065,0.059,0.047,0.2,1.4,,42000.0,7600.0,,,,,,,,,,,,,
14,ha23.xlsx,1.JAN/ha23.xlsx,label_only,15,Ha23,Hantangang2,2023,1,1,0.5,2023.01.19,12:20,0.8,8.0,14.6,0.7,3.0,2.2,354,4.494,4.483,3.606,0.39,0.046,0.034,0.016,0.3,1.8,,22000.0,480.0,,,,,,,,,,,,,
15,ha24.xlsx,1.JAN/ha24.xlsx,label_only,16,Ha24,Hantangang3,2023,1,1,0.5,2023.01.19,12:10,2.3,7.6,13.8,0.6,2.8,1.2,313,4.47,4.401,3.547,0.36,0.029,0.025,0.015,0.2,1.7,,7400.0,780.0,,,,,,,,,,,,,
16,ha25.xlsx,1.JAN/ha25.xlsx,label_only,17,Ha25,Hantangang4,2023,1,1,0.5,2023.01.19,10:40,3.2,7.9,13.6,0.8,2.6,1.6,351,4.98,4.947,3.88,0.328,0.03,0.022,0.012,0.3,1.7,,5300.0,740.0,,,,,,,,,,,,,
17,ha26.xlsx,1.JAN/ha26.xlsx,label_only,18,Ha26,Nam-i island,2023,1,1,0.5,2023.01.09,11:25,4.1,8.5,12.6,0.8,2.6,0.8,115,1.858,1.658,1.284,0.064,,,,0.3,4.3,,470.0,27.0,,,,,,,,,,,,,
18,ha4-2.xlsx,1.JAN/ha4-2.xlsx,label_and_round,20,Ha4,Gayang,2023,1,2,0.5,2023.01.10,10:58,3.2,7.9,13.6,1.0,4.2,3.8,356,5.298,4.952,3.667,0.689,0.031,0.01,,1.2,2.6,,13000.0,1800.0,,,,,,,,,,,,,
19,ha4-3.xlsx,1.JAN/ha4-3.xlsx,label_and_round,21,Ha4,Gayang,2023,1,3,0.5,2023.01.19,10:30,2.8,8.1,15.2,1.6,4.1,6.8,333,4.115,4.065,2.905,0.709,0.047,0.021,0.01,2.5,2.7,,170000.0,4000.0,,,,,,,,,,,,,
20,ha9.xlsx,1.JAN/ha9.xlsx,label_only,11,Ha9,Bogwang,2023,1,1,0.5,2023.01.10,10:22,3.6,8.2,13.0,1.3,4.7,18.4,378,4.559,4.256,3.152,0.694,0.044,0.007,,0.8,2.5,,11000.0,1300.0,,,,,,,,,,,,,
21,ho1.xlsx,1.JAN/ho1.xlsx,label_only,19,Ho1,Nam-yang lake 3,2023,1,1,0.5,2023.01.02,13:25,2.9,7.7,11.4,2.5,6.9,9.2,921,9.374,8.493,3.21,3.854,0.171,0.142,0.122,0.7,4.5,,380000.0,33000.0,,,,,,,,,,,,,
22,san1-1.xlsx,1.JAN/san1-1.xlsx,label_and_round,42,San1,Jang-an stream,2023,1,1,0.5,2023.01.02,11:14,2.6,9.4,12.2,3.4,29.3,4.0,953,,,,,0.368,,,,2.9,,420000.0,,,,,0.07998,0.05657,,,0.0462,,0.02856,,,0.02613
23,san1-2.xlsx,1.JAN/san1-2.xlsx,label_and_round,43,San1,Jang-an stream,2023,1,2,0.5,2023.01.18,13:45,7.3,7.9,10.8,4.7,11.1,4.2,497,9.468,,,,,,,,6.9,,,,,,,,,,,,,,,,
24,san10-1.xlsx,1.JAN/san10-1.xlsx,label_and_round,50,San10,Okgu stream,2023,1,1,0.5,2023.01.04,11:50,6.6,8.8,11.8,3.0,11.4,19.0,1889,3.905,,,,0.011,,,,5.3,,320000.0,,,23.0,0.5,0.10434,0.0971,,,,,0.23536,0.16,,0.02958
25,san10-2.xlsx,1.JAN/san10-2.xlsx,label_and_round,51,San10,Okgu stream,2023,1,2,0.5,2023.01.19,12:53,7.9,7.5,11.6,4.1,8.7,5.8,2168,,,,,,,,,6.1,,,,,,,,,,,,,,,,
26,san11-1.xlsx,1.JAN/san11-1.xlsx,label_and_round,52,San11,Gunja stream,2023,1,1,0.5,2023.01.04,12:00,3.9,7.8,13.1,2.0,2.0,6.6,7373,3.57,,,,0.097,,,,2.4,,23000.0,,,8.0,,0.76805,0.08152,,,0.0375,,0.24699,0.23,0.0174,0.03057
27,san11-2.xlsx,1.JAN/san11-2.xlsx,label_and_round,53,San11,Gunja stream,2023,1,2,0.5,2023.01.19,13:03,5.7,7.7,13.3,2.8,5.9,8.0,5884,,,,,,,,,4.4,,,,,,,,,,,,,,,,
28,san12-1.xlsx,1.JAN/san12-1.xlsx,label_and_round,54,San12,Jeongwang stream,2023,1,1,0.5,2023.01.04,12:08,4.2,7.8,11.5,1.4,4.6,7.8,7871,5.002,,,,0.012,,,,4.0,,20000.0,,,18.0,,0.25168,0.02498,,,0.0127,0.08745,0.35794,,0.03194,0.04174
29,san12-2.xlsx,1.JAN/san12-2.xlsx,label_and_round,55,San12,Jeongwang stream,2023,1,2,0.5,2023.01.19,13:10,5.4,7.8,11.1,3.0,5.8,4.8,3756,,,,,,,,,4.3,,,,,,,,,,,,,,0.27,,
30,san13-1.xlsx,1.JAN/san13-1.xlsx,label_and_round,56,San13,Je4ganseon-sulo,2023,1,1,0.5,2023.01.04,12:16,5.2,7.8,10.3,5.1,8.8,10.6,4375,4.1,,,,0.011,,,,4.0,,980000.0,,,8.0,,0.20661,0.03013,,0.063,0.1035,0.08349,0.10198,0.29,0.23856,0.03764
31,san13-2.xlsx,1.JAN/san13-2.xlsx,label_and_round,57,San13,Je4ganseon-sulo,2023,1,2,0.5,2023.01.19,13:18,6.7,7.7,9.8,3.1,7.2,12.0,2613,,,,,,,,,5.3,,,,,,,,,,,,,,,,
32,san14-1.xlsx,1.JAN/san14-1.xlsx,label_and_round,48,San14,Shingil stream,2023,1,1,0.5,2023.01.04,12:25,5.8,7.6,8.0,13.8,23.7,20.3,2932,11.298,,,,0.015,,,,15.5,,74000.0,,,19.0,0.8,0.54535,0.08094,,,0.0694,0.11449,0.06099,,0.06096,0.05957
33,san14-2.xlsx,1.JAN/san14-2.xlsx,label_and_round,49,San14,Shingil stream,2023,1,2,0.5,2023.01.19,13:27,6.6,7.5,9.0,8.0,13.8,12.6,3330,,,,,,,,,12.2,,,,,,,,,,,,,,0.3,,
34,san15-1.xlsx,1.JAN/san15-1.xlsx,label_and_round,46,San15,Banwol stream,2023,1,1,0.5,2023.01.02,14:00,2.4,7.8,13.6,2.8,6.4,7.7,1157,5.121,,,,0.151,,,,3.6,,440000.0,,,8.0,,0.4261,0.09272,,,,,0.00658,,,0.06943
35,san15-2.xlsx,1.JAN/san15-2.xlsx,label_and_round,47,San15,Banwol stream,2023,1,2,0.5,2023.01.30,10:50,4.1,7.8,13.5,9.1,14.6,16.9,1311,,,,,,,,,12.0,,,,,,,,,,,,,,,,
36,san16-1.xlsx,1.JAN/san16-1.xlsx,label_and_round,58,San16,Gumun stream,2023,1,1,0.5,2023.01.02,13:15,3.4,8.0,12.2,2.2,7.3,8.0,1205,10.893,,,,0.083,,,,4.8,,3700.0,,,,,0.44657,0.13056,,,,,0.01212,,,0.07459
37,san16-2.xlsx,1.JAN/san16-2.xlsx,label_and_round,59,San16,Gumun stream,2023,1,2,0.5,2023.01.30,12:30,4.1,7.5,12.5,15.8,18.7,26.2,1076,,,,,,,,,21.5,,,,,,,,,,,,,,,,
38,san17-1.xlsx,1.JAN/san17-1.xlsx,label_and_round,60,San17,Wonjeongli-sulo,2023,1,1,0.5,2023.01.02,11:10,10.1,7.6,9.6,3.0,9.5,5.4,4886,7.987,,,,0.608,,,,6.6,,56000.0,,,,,0.041,0.0315,,,0.008,,0.03264,1.11,0.05137,0.01236
39,san17-2.xlsx,1.JAN/san17-2.xlsx,label_and_round,61,San17,Wonjeongli-sulo,2023,1,2,0.5,2023.01.30,13:00,9.2,7.7,11.1,2.5,7.7,5.2,6117,,,,,,,,,5.6,,,,,,,,,,,,,,,,
40,san2-1.xlsx,1.JAN/san2-1.xlsx,label_and_round,40,San2,Cheonglyong stream,2023,1,1,0.5,2023.01.02,14:50,5.6,7.8,13.8,1.8,5.0,6.6,1484,7.637,,,,0.164,,,,3.1,,320000.0,,,10.0,,0.14381,0.01858,,,,0.00845,0.01774,0.35,,0.05155
41,san2-2.xlsx,1.JAN/san2-2.xlsx,label_and_round,41,San2,Cheonglyong stream,2023,1,2,0.5,2023.01.18,12:55,6.9,7.8,12.8,2.8,7.4,7.6,1143,,,,,,,,,5.4,,,,,,,,,,,,,,,,
42,san3-1.xlsx,1.JAN/san3-1.xlsx,label_and_round,38,San3,Geonji stream,2023,1,1,0.5,2023.01.02,15:11,5.6,8.1,12.2,1.6,4.7,10.8,835,7.556,,,,0.14,,,,2.9,,24000.0,,,,,0.14052,0.1216,,,,,0.01933,0.23,,0.0293
43,san3-2.xlsx,1.JAN/san3-2.xlsx,label_and_round,39,San3,Geonji stream,2023,1,2,0.5,2023.01.18,12:30,6.5,7.8,10.7,2.3,6.0,6.2,877,,,,,,,,,4.1,,,,,,,,,,,,,,,,
44,san4-1.xlsx,1.JAN/san4-1.xlsx,label_and_round,36,San4,Man-u stream,2023,1,1,0.5,2023.01.03,11:40,20.0,7.7,9.6,2.2,9.4,4.2,1179,3.67,,,,0.025,,,,5.4,,13000.0,,,,0.8,0.03834,0.01495,,,,0.01715,0.01274,7.74,0.03731,0.00658
45,san4-2.xlsx,1.JAN/san4-2.xlsx,label_and_round,37,San4,Man-u stream,2023,1,2,0.5,2023.01.19,12:14,18.6,7.6,10.1,2.2,6.8,3.4,1362,,,,,,,,,5.2,,,,,,,,,,,,,,,,
46,san5-1.xlsx,1.JAN/san5-1.xlsx,label_and_round,32,San5,Sin stream-1,2023,1,1,0.5,2023.01.03,10:59,1.6,7.8,13.1,3.5,7.0,9.6,1201,8.18,,,,0.08,,,,4.2,,490000.0,,,16.0,,0.13788,0.04291,,,,,0.05756,,,0.06774
47,san5-2.xlsx,1.JAN/san5-2.xlsx,label_and_round,33,San5,Sin stream-1,2023,1,2,0.5,2023.01.30,10:32,0.9,8.1,13.7,2.6,4.9,4.4,943,,,,,,,,,3.2,,,,,,,,,,,,,,,,
48,san6-1.xlsx,1.JAN/san6-1.xlsx,label_and_round,34,San6,Sin stream-2,2023,1,1,0.5,2023.01.03,11:23,2.7,7.9,13.7,4.9,9.9,9.6,1360,13.141,,,,0.116,,,,6.3,,330000.0,,,28.0,,0.12683,0.10739,,,,0.01982,0.07078,,,0.04178
49,san6-2.xlsx,1.JAN/san6-2.xlsx,label_and_round,35,San6,Sin stream-2,2023,1,2,0.5,2023.01.30,10:58,2.3,8.0,13.7,5.4,8.7,6.8,1032,,,,,,,,,6.5,,,,,,,,,,,,,,,,
50,san8-1.xlsx,1.JAN/san8-1.xlsx,label_and_round,30,San8,Yeongpyeong stream,2023,1,1,0.5,2023.01.03,12:49,1.7,8.1,14.0,1.2,3.5,4.4,551,8.002,,,,0.016,,,,1.9,,39000.0,,,6.0,,0.04446,0.03699,,,,0.00702,0.03659,,,0.03842
51,san8-2.xlsx,1.JAN/san8-2.xlsx,label_and_round,31,San8,Yeongpyeong stream,2023,1,2,0.5,2023.01.30,12:10,2.0,8.2,14.5,1.4,3.7,2.4,451,,,,,,,,,2.3,,,,,,,,,,,,,,,,
52,san9-1.xlsx,1.JAN/san9-1.xlsx,label_and_round,44,San9,Seung-gi stream,2023,1,1,0.5,2023.01.04,10:50,5.9,7.5,10.2,1.0,9.0,6.8,770,5.855,,,,0.013,,,,5.9,,45000.0,,,31.0,,0.07637,0.08542,,,,0.0113,0.02167,,,0.02435
53,san9-2.xlsx,1.JAN/san9-2.xlsx,label_and_round,45,San9,Seung-gi stream,2023,1,2,0.5,2023.01.19,11:05,6.4,7.6,8.6,3.3,8.7,4.8,821,,,,,,,,,6.4,,,,,,,,,,,,,,,,
54,ha1-1_10.xlsx,10.OCT/ha1-1_10.xlsx,label_and_round,791,Ha1,Anseong stream3,2023,10,1,0.5,2023.10.04,11:40,19.0,7.8,9.1,1.0,5.7,17.4,374,3.869,3.799,3.188,0.173,0.135,0.122,0.095,4.8,2.3,,68000.0,22000.0,,,,,,,,,,,,,
55,ha1-2_10.xlsx,10.OCT/ha1-2_10.xlsx,label_and_round,792,Ha1,Anseong stream3,2023,10,2,0.5,2023.10.11,14:24,20.4,8.0,10.0,1.9,6.4,5.4,457,4.07,4.015,3.287,0.331,0.169,0.147,0.092,5.2,3.4,,33000.0,5100.0,,,,,,,,,,,,,
56,ha1-3_10.xlsx,10.OCT/ha1-3_10.xlsx,label_and_round,793,Ha1,Anseong stream3,2023,10,3,0.5,2023.10.18,11:12,16.7,7.9,9.7,1.8,6.6,4.2,506,5.034,4.908,4.211,0.311,0.205,0.189,0.159,6.7,3.8,,24000.0,4800.0,,,,,,,,,,,,,
57,ha1-4_10.xlsx,10.OCT/ha1-4_10.xlsx,label_and_round,794,Ha1,Anseong stream3,2023,10,4,0.5,2023.10.24,11:20,15.5,7.8,9.2,2.1,6.2,4.4,510,5.125,5.097,4.323,0.387,0.186,0.143,0.12,4.1,3.7,,50000.0,8000.0,,,,,,,,,,,,,
58,ha1-5_10.xlsx,10.OCT/ha1-5_10.xlsx,label_and_round,795,Ha1,Anseong stream3,2023,10,5,0.5,2023.10.30,12:06,17.7,8.1,9.4,1.7,6.9,5.8,586,4.935,4.864,3.986,0.342,0.214,0.165,0.151,6.0,3.9,,23000.0,4300.0,,,,,,,,,,,,,
59,ha10_10.xlsx,10.OCT/ha10_10.xlsx,label_only,761,Ha10,Yeongdeungpo,2023,10,1,0.5,2023.10.17,11:25,19.0,8.1,10.0,1.4,3.4,6.4,248,3.294,3.243,3.173,0.016,0.033,0.019,0.006,8.7,2.1,,2400.0,310.0,,,,,,,,,,,,,
60,ha11_10.xlsx,10.OCT/ha11_10.xlsx,label_only,762,Ha11,Kimpo,2023,10,1,0.5,2023.10.17,11:53,19.3,8.1,9.8,2.0,3.8,9.6,271,4.013,3.966,3.624,0.095,0.053,0.026,0.011,22.6,2.8,,22000.0,2600.0,,,,,,,,,,,,,
61,ha12_10.xlsx,10.OCT/ha12_10.xlsx,label_only,763,Ha12,Paju,2023,10,1,0.5,2023.10.16,15:30,19.5,7.8,9.3,2.0,6.1,5.8,314,4.508,4.443,3.96,0.17,0.084,0.058,0.042,9.4,2.7,,100000.0,19000.0,,,,,,,,,,,,,
62,ha13_10.xlsx,10.OCT/ha13_10.xlsx,label_only,755,Ha13,Dogok,2023,10,1,0.5,2023.10.17,11:41,17.6,8.2,9.9,1.1,2.9,2.4,200,2.135,2.127,2.026,0.025,0.019,0.014,0.005,1.6,1.7,,15000.0,740.0,,,,,,,,,,,,,
63,ha14_10.xlsx,10.OCT/ha14_10.xlsx,label_only,756,Ha14,Guri,2023,10,1,0.5,2023.10.17,09:55,18.3,8.4,9.6,1.0,3.8,2.8,196,2.16,2.121,1.986,0.026,0.024,0.013,0.004,3.1,1.7,,6200.0,380.0,,,,,,,,,,,,,
64,ha15_10.xlsx,10.OCT/ha15_10.xlsx,label_only,757,Ha15,Amsa,2023,10,1,0.5,2023.10.17,10:00,18.6,8.4,10.0,1.1,2.7,2.6,201,2.152,2.14,1.989,0.024,0.019,0.018,0.004,7.0,1.7,,4600.0,380.0,,,,,,,,,,,,,
65,ha16_10.xlsx,10.OCT/ha16_10.xlsx,label_only,758,Ha16,Jamsil,2023,10,1,0.5,2023.10.17,10:12,18.1,8.3,10.0,0.9,2.7,3.2,205,2.272,2.217,2.114,0.024,0.032,0.017,0.012,5.6,1.8,,4200.0,660.0,,,,,,,,,,,,,
66,ha17_10.xlsx,10.OCT/ha17_10.xlsx,label_only,751,Ha17,Kyungan stream 3,2023,10,1,0.5,2023.10.23,11:29,15.5,7.8,10.0,2.7,3.7,2.4,386,2.679,2.646,2.363,0.144,0.07,0.059,0.054,1.7,1.7,,120000.0,23000.0,,,,,,,,,,,,,
67,ha18_10.xlsx,10.OCT/ha18_10.xlsx,label_only,752,Ha18,Kyungan stream 5,2023,10,1,0.5,2023.10.23,11:09,16.9,8.2,11.1,2.1,4.3,1.6,410,3.187,3.173,2.893,0.074,0.056,0.048,0.04,2.4,2.3,,38000.0,11000.0,,,,,,,,,,,,,
68,ha19_10.xlsx,10.OCT/ha19_10.xlsx,label_only,753,Ha19,Kyungan stream 7,2023,10,1,0.5,2023.10.23,10:43,15.5,8.0,10.6,1.7,4.3,1.2,407,3.313,3.296,3.044,0.126,0.036,0.03,0.029,1.0,2.3,,9200.0,4000.0,,,,,,,,,,,,,
69,ha2-1_10.xlsx,10.OCT/ha2-1_10.xlsx,label_and_round,754,Ha2,Kyungan stream11,2023,10,1,0.5,2023.10.23,10:14,15.7,8.3,10.4,1.5,4.3,2.0,379,2.926,2.85,2.569,0.08,0.033,0.024,0.02,1.9,2.4,,8600.0,400.0,,,,,,,,,,,,,
70,ha21_10.xlsx,10.OCT/ha21_10.xlsx,label_only,750,Ha21,Kyungan stream 2,2023,10,1,0.5,2023.10.23,11:50,15.5,8.6,11.9,1.9,3.6,1.0,307,2.461,2.407,2.118,0.074,0.061,0.058,0.046,5.5,1.7,,380000.0,35000.0,,,,,,,,,,,,,
71,ha23_10.xlsx,10.OCT/ha23_10.xlsx,label_only,764,Ha23,Hantangang2,2023,10,1,0.5,2023.10.19,14:40,16.6,8.9,10.6,1.1,2.8,1.0,221,2.289,2.286,2.138,0.065,0.013,0.008,0.004,0.7,1.4,,14000.0,2200.0,,,,,,,,,,,,,
72,ha24_10.xlsx,10.OCT/ha24_10.xlsx,label_only,765,Ha24,Hantangang3,2023,10,1,0.5,2023.10.19,14:00,16.5,8.3,9.7,1.0,3.3,1.4,363,2.986,2.984,2.784,0.052,0.02,0.012,0.007,1.0,1.6,,46000.0,3500.0,,,,,,,,,,,,,
73,ha25_10.xlsx,10.OCT/ha25_10.xlsx,label_only,766,Ha25,Hantangang4,2023,10,1,0.5,2023.10.19,13:20,17.1,8.2,10.7,1.0,3.2,1.6,318,3.127,3.115,2.93,0.034,0.021,0.011,0.009,1.1,1.6,,46000.0,5400.0,,,,,,,,,,,,,
74,ha26_10.xlsx,10.OCT/ha26_10.xlsx,label_only,767,Ha26,Nam-i island,2023,10,1,0.5,2023.10.26,10:45,16.0,8.3,10.7,1.0,3.7,3.6,101,1.491,1.487,1.412,0.073,0.003,0.003,,8.6,1.8,,9800.0,820.0,,,,,,,,,,,,,
75,ha3-1_10.xlsx,10.OCT/ha3-1_10.xlsx,label_and_round,807,Ha3,Imjin stream 2,2023,10,1,0.5,2023.10.19,13:45,18.1,8.7,10.3,0.7,2.5,2.0,141,0.86,0.809,0.718,0.017,0.01,0.005,,0.5,1.1,,13000.0,740.0,,,,,,,,,,,,,
76,ha4-1_10.xlsx,10.OCT/ha4-1_10.xlsx,label_and_round,786,Ha4,Gayang,2023,10,1,0.5,2023.10.04,10:30,20.7,8.2,8.7,0.9,4.2,8.8,249,2.828,2.791,2.668,0.037,0.069,0.051,0.038,8.2,3.1,,13000.0,940.0,,,,,,,,,,,,,
77,ha4-2_10.xlsx,10.OCT/ha4-2_10.xlsx,label_and_round,787,Ha4,Gayang,2023,10,2,0.5,2023.10.10,10:35,19.3,8.2,9.2,1.3,4.0,5.4,231,2.913,2.8,2.634,0.045,0.072,0.042,0.019,9.5,2.0,,4900.0,1100.0,,,,,,,,,,,,,
78,ha4-3_10.xlsx,10.OCT/ha4-3_10.xlsx,label_and_round,788,Ha4,Gayang,2023,10,3,0.5,2023.10.17,11:36,19.1,8.2,9.9,1.5,3.4,7.8,241,3.013,2.986,2.88,0.018,0.038,0.019,0.006,13.6,2.3,,3400.0,250.0,,,,,,,,,,,,,
79,ha4-4_10.xlsx,10.OCT/ha4-4_10.xlsx,label_and_round,789,Ha4,Gayang,2023,10,4,0.5,2023.10.23,10:50,16.8,8.0,9.5,1.4,4.3,1.6,285,3.644,3.6,3.103,0.266,0.089,0.04,0.022,14.5,2.5,,5400.0,600.0,,,,,,,,,,,,,
80,ha4-5_10.xlsx,10.OCT/ha4-5_10.xlsx,label_and_round,790,Ha4,Gayang,2023,10,5,0.5,2023.10.30,10:30,17.5,8.0,9.7,1.2,4.6,7.8,292,3.531,3.456,3.322,0.033,0.031,0.022,0.018,15.9,2.4,,2300.0,480.0,,,,,,,,,,,,,
81,ha5_10.xlsx,10.OCT/ha5_10.xlsx,label_only,806,Ha5,Ara stream 1,2023,10,1,0.5,2023.10.11,10:42,20.7,7.7,8.1,1.1,2.6,8.6,14084,3.187,3.107,2.275,0.319,0.099,0.095,0.072,1.5,2.2,,15000.0,1500.0,,,,,,,,,,,,,
82,ha6_10.xlsx,10.OCT/ha6_10.xlsx,label_only,808,Ha6,Ara stream 2,2023,10,1,0.5,2023.10.11,11:19,21.7,8.1,8.9,1.5,2.9,7.2,19151,2.897,2.829,2.087,0.113,0.083,0.07,0.053,4.5,2.6,,2000.0,760.0,,,,,,,,,,,,,
83,ha7_10.xlsx,10.OCT/ha7_10.xlsx,label_only,777,Ha7,seonhaeng stream,2023,10,1,0.5,2023.10.16,11:45,17.4,8.1,11.1,2.3,5.6,2.6,361,2.595,2.558,2.276,0.016,0.19,0.178,0.136,10.1,2.2,,380000.0,31000.0,,,,,,,,,,,,,
84,ha8_10.xlsx,10.OCT/ha8_10.xlsx,label_only,759,Ha8,Ttukdo,2023,10,1,0.5,2023.10.17,10:50,18.4,8.3,10.0,1.2,3.0,4.8,231,2.73,2.654,2.489,0.057,0.036,0.025,0.011,7.5,2.1,,76000.0,11000.0,,,,,,,,,,,,,
85,ha9_10.xlsx,10.OCT/ha9_10.xlsx,label_only,760,Ha9,Bogwang,2023,10,1,0.5,2023.10.17,10:57,18.4,8.0,9.5,1.7,3.3,3.8,266,3.823,3.746,3.362,0.15,0.051,0.029,0.015,6.5,2.2,,43000.0,6200.0,,,,,,,,,,,,,
86,ho1_10.xlsx,10.OCT/ho1_10.xlsx,label_only,785,Ho1,Nam-yang lake 3,2023,10,1,0.5,2023.10.10,13:06,20.7,7.8,8.3,1.9,6.6,8.8,498,3.763,3.606,2.17,0.982,0.19,0.171,0.108,1.3,3.3,,140000.0,18000.0,,,,,,,,,,,,,
87,san1-1_10.xlsx,10.OCT/san1-1_10.xlsx,label_and_round,823,San1,Jang-an stream,2023,10,1,0.5,2023.10.11,14:45,20.7,9.0,9.8,3.7,7.5,4.8,503,6.966,,,,0.347,,,,3.6,,690000.0,,,,,0.02171,0.02949,,,,,0.01026,0.13,,0.02778
88,san1-2_10.xlsx,10.OCT/san1-2_10.xlsx,label_and_round,824,San1,Jang-an stream,2023,10,2,0.5,2023.10.24,11:00,15.4,8.1,8.7,7.4,8.3,13.0,495,,,,,,,,,3.1,,,,,,,,,,,,,,,,
89,san10-1_10.xlsx,10.OCT/san10-1_10.xlsx,label_and_round,831,San10,Okgu stream,2023,10,1,0.5,2023.10.11,13:45,23.7,8.9,11.3,8.6,8.7,6.2,6270,3.206,,,,0.128,,,,7.6,,2900000.0,,,28.0,0.8,0.14576,0.04766,,,,,0.06005,0.35,,0.03654
90,san10-2_10.xlsx,10.OCT/san10-2_10.xlsx,label_and_round,832,San10,Okgu stream,2023,10,2,0.5,2023.10.24,13:10,17.7,7.7,6.1,12.7,10.8,6.8,10087,,,,,,,,,5.8,,,,,,,,,,,,,,,,
91,san11-1_10.xlsx,10.OCT/san11-1_10.xlsx,label_and_round,833,San11,Gunja stream,2023,10,1,0.5,2023.10.11,13:54,22.5,8.3,10.7,2.5,6.7,3.8,5117,5.079,,,,0.083,,,,4.8,,560000.0,,,82.0,,0.43948,0.01489,,0.044,0.0463,,0.17446,0.32,,0.03887
92,san11-2_10.xlsx,10.OCT/san11-2_10.xlsx,label_and_round,834,San11,Gunja stream,2023,10,2,0.5,2023.10.24,13:20,17.5,7.7,7.2,2.1,3.0,10.8,20066,,,,,,,,,3.6,,,,,,,,,,,,,,,,
93,san12-1_10.xlsx,10.OCT/san12-1_10.xlsx,label_and_round,835,San12,Jeongwang stream,2023,10,1,0.5,2023.10.11,14:07,22.5,8.3,10.6,3.0,3.7,21.8,9446,3.374,,,,0.105,,,,2.9,,330000.0,,,15.0,0.6,0.146,0.01088,0.06,,0.0072,0.02187,0.11733,0.36,,0.03952
94,san12-2_10.xlsx,10.OCT/san12-2_10.xlsx,label_and_round,836,San12,Jeongwang stream,2023,10,2,0.5,2023.10.24,13:30,17.5,7.9,7.3,5.0,4.1,9.6,17253,,,,,,,,,4.1,,,,,,,,,,,,,,,,
95,san13-1_10.xlsx,10.OCT/san13-1_10.xlsx,label_and_round,837,San13,Je4ganseon-sulo,2023,10,1,0.5,2023.10.11,14:13,22.0,8.0,6.7,3.2,6.0,6.6,4484,3.322,,,,0.195,,,,3.1,,10000000.0,,,17.0,,0.16572,0.02724,,0.044,0.0579,0.0598,0.06961,0.35,,0.04649
96,san13-2_10.xlsx,10.OCT/san13-2_10.xlsx,label_and_round,838,San13,Je4ganseon-sulo,2023,10,2,0.5,2023.10.24,13:40,17.4,7.9,6.7,14.2,10.6,16.4,20312,,,,,,,,,7.1,,,,,,,,,,,,,,,,
97,san14-1_10.xlsx,10.OCT/san14-1_10.xlsx,label_and_round,829,San14,Shingil stream,2023,10,1,0.5,2023.10.11,14:25,23.3,7.9,3.9,17.5,22.6,14.8,3841,8.261,,,,0.457,,,,12.9,,24000000.0,,0.037,28.0,,0.53583,0.10442,,,0.0266,0.37776,0.02337,0.53,0.08305,0.04695
98,san14-2_10.xlsx,10.OCT/san14-2_10.xlsx,label_and_round,830,San14,Shingil stream,2023,10,2,0.5,2023.10.24,13:50,19.7,7.7,6.0,20.8,21.6,13.0,3394,,,,,,,,,11.4,,,,,,,,,,,,,,,,
99,san15-1_10.xlsx,10.OCT/san15-1_10.xlsx,label_and_round,827,San15,Banwol stream,2023,10,1,0.5,2023.10.10,10:55,18.3,8.3,11.9,1.1,4.7,1.0,648,3.05,,,,0.074,,,,2.5,,190000.0,,,18.0,,0.01514,0.04739,,,,,0.00422,0.13,,0.05724
100,san15-2_10.xlsx,10.OCT/san15-2_10.xlsx,label_and_round,828,San15,Banwol stream,2023,10,2,0.5,2023.10.25,10:40,15.7,7.9,10.1,1.1,5.1,1.6,755,,,,,,,,,3.0,,,,,,,,,,,,,,,,
101,san16-1_10.xlsx,10.OCT/san16-1_10.xlsx,label_and_round,839,San16,Gumun stream,2023,10,1,0.5,2023.10.10,12:58,19.5,8.0,10.7,1.1,6.1,3.4,938,6.348,,,,0.077,,,,3.3,,120000.0,,,,,0.12666,0.10132,,,,,0.0121,0.13,,0.07357
102,san16-2_10.xlsx,10.OCT/san16-2_10.xlsx,label_and_round,840,San16,Gumun stream,2023,10,2,0.5,2023.10.25,13:05,16.9,7.7,8.1,1.1,5.3,2.2,754,,,,,,,,,3.1,,,,,,,,,,,,,,,,
103,san17-1_10.xlsx,10.OCT/san17-1_10.xlsx,label_and_round,841,San17,Wonjeongli-sulo,2023,10,1,0.5,2023.10.10,13:37,22.8,8.3,12.2,3.7,11.5,11.2,5362,6.025,,,,0.136,,,,7.9,,520000.0,,,,1.4,0.01257,0.03747,,,0.0115,0.01829,0.11518,0.81,0.05802,0.04365
104,san17-2_10.xlsx,10.OCT/san17-2_10.xlsx,label_and_round,842,San17,Wonjeongli-sulo,2023,10,2,0.5,2023.10.25,13:50,23.6,8.1,8.9,4.1,15.0,8.6,6338,,,,,,,,,10.3,,,,,,,,,,,,,,,,
105,san2-1_10.xlsx,10.OCT/san2-1_10.xlsx,label_and_round,821,San2,Cheonglyong stream,2023,10,1,0.5,2023.10.11,11:55,21.3,8.3,12.8,2.0,7.8,3.2,1096,8.459,,,,0.131,,,,4.0,,210000.0,,,17.0,0.8,0.11679,0.04392,,,,,0.00878,0.16,,0.05463
106,san2-2_10.xlsx,10.OCT/san2-2_10.xlsx,label_and_round,822,San2,Cheonglyong stream,2023,10,2,0.5,2023.10.24,12:55,17.8,8.5,12.7,2.3,6.9,4.2,1441,,,,,,,,,4.0,,,,,,,,,,,,,,,,
107,san3-1_10.xlsx,10.OCT/san3-1_10.xlsx,label_and_round,819,San3,Geonji stream,2023,10,1,0.5,2023.10.11,12:20,21.3,7.9,9.2,2.9,6.8,10.2,790,6.188,,,,0.26,,,,3.5,,730000.0,,,,0.7,0.21656,0.08178,,,,,0.02844,0.29,,0.0494
108,san3-2_10.xlsx,10.OCT/san3-2_10.xlsx,label_and_round,820,San3,Geonji stream,2023,10,2,0.5,2023.10.24,13:14,17.5,8.1,9.6,4.4,7.0,6.8,804,,,,,,,,,3.9,,,,,,,,,,,,,,,,
109,san4-1_10.xlsx,10.OCT/san4-1_10.xlsx,label_and_round,817,San4,Man-u stream,2023,10,1,0.5,2023.10.10,12:10,25.3,8.1,8.5,0.9,9.4,1.4,1200,5.778,,,,0.022,,,,6.0,,16000.0,,,,,0.06866,0.02506,,,,0.01979,0.01106,5.16,0.10705,0.00583
110,san4-2_10.xlsx,10.OCT/san4-2_10.xlsx,label_and_round,818,San4,Man-u stream,2023,10,2,0.5,2023.10.23,12:15,25.2,7.7,8.6,0.8,9.0,1.4,1280,,,,,,,,,5.4,,,,,,,,,,,,,,,,
111,san5-1_10.xlsx,10.OCT/san5-1_10.xlsx,label_and_round,813,San5,Sin stream-1,2023,10,1,0.5,2023.10.10,11:00,17.6,7.9,9.8,1.8,6.7,2.6,1152,4.674,,,,0.069,,,,3.5,,240000.0,,,17.0,,0.06007,0.03845,,,,,0.04516,0.19,,0.05239
112,san5-2_10.xlsx,10.OCT/san5-2_10.xlsx,label_and_round,814,San5,Sin stream-1,2023,10,2,0.5,2023.10.24,10:45,14.3,7.9,9.9,2.1,6.8,1.4,1264,,,,,,,,,4.4,,,,,,,,,,,,,,,,
113,san6-1_10.xlsx,10.OCT/san6-1_10.xlsx,label_and_round,815,San6,Sin stream-2,2023,10,1,0.5,2023.10.10,11:20,19.2,7.9,9.5,3.4,8.7,4.8,1439,7.124,,,,0.107,,,,5.0,,320000.0,,,40.0,,0.05387,0.12142,,,,,0.02709,0.13,,0.03398
114,san6-2_10.xlsx,10.OCT/san6-2_10.xlsx,label_and_round,816,San6,Sin stream-2,2023,10,2,0.5,2023.10.24,11:05,16.8,7.9,9.6,6.0,10.3,3.8,1587,,,,,,,,,6.9,,,,,,,,,,,,,,,,
115,san7-1_10.xlsx,10.OCT/san7-1_10.xlsx,label_and_round,809,San7,Pocheon stream,2023,10,1,0.5,2023.10.10,12:30,19.3,8.9,13.0,1.1,4.2,2.0,549,4.452,,,,0.036,,,,2.1,,40000.0,,,19.0,,0.02381,0.02366,,,,,0.00408,0.11,,0.05789
116,san7-2_10.xlsx,10.OCT/san7-2_10.xlsx,label_and_round,810,San7,Pocheon stream,2023,10,2,0.5,2023.10.24,12:55,17.0,7.8,13.2,2.1,4.2,2.0,404,,,,,,,,,2.7,,,,,,,,,,,,,,,,
117,san8-1_10.xlsx,10.OCT/san8-1_10.xlsx,label_and_round,811,San8,Yeongpyeong stream,2023,10,1,0.5,2023.10.10,12:10,18.7,8.6,12.8,1.0,3.6,2.4,356,4.601,,,,0.013,,,,1.7,,56000.0,,,22.0,,0.01476,0.02227,,,,,0.00641,0.14,,0.02814
118,san8-2_10.xlsx,10.OCT/san8-2_10.xlsx,label_and_round,812,San8,Yeongpyeong stream,2023,10,2,0.5,2023.10.24,12:40,17.1,8.9,12.3,1.9,4.2,1.4,544,,,,,,,,,2.5,,,,,,,,,,,,,,,,
119,san9-1_10.xlsx,10.OCT/san9-1_10.xlsx,label_and_round,825,San9,Seung-gi stream,2023,10,1,0.5,2023.10.11,11:37,20.8,8.3,9.2,2.5,9.0,10.4,768,2.202,,,,0.17,,,,5.3,,150000.0,,,29.0,0.8,0.02997,0.05284,,,,,0.01776,0.1,,0.02344
120,san9-2_10.xlsx,10.OCT/san9-2_10.xlsx,label_and_round,826,San9,Seung-gi stream,2023,10,2,0.5,2023.10.24,11:25,17.9,7.9,5.4,2.0,8.9,2.6,795,,,,,,,,,4.9,,,,,,,,,,,,,,,,
121,ha1-1_11.xlsx,11.NOV/ha1-1_11.xlsx,label_and_round,883,Ha1,Anseong stream3,2023,11,1,0.5,2023.11.07,14:05,13.4,8.0,10.0,3.6,11.0,21.6,325,3.629,3.452,2.483,0.441,0.34,0.239,0.196,2.6,6.0,,440000.0,34000.0,,,,,,,,,,,,,
122,ha1-2_11.xlsx,11.NOV/ha1-2_11.xlsx,label_and_round,884,Ha1,Anseong stream3,2023,11,2,0.5,2023.11.16,13:12,9.6,8.1,10.8,1.2,5.8,4.2,547,6.034,5.647,4.715,0.535,0.145,0.098,0.078,4.1,3.3,,70000.0,2200.0,,,,,,,,,,,,,
123,ha1-3_11.xlsx,11.NOV/ha1-3_11.xlsx,label_and_round,885,Ha1,Anseong stream3,2023,11,3,0.5,2023.11.21,11:46,10.1,7.6,11.2,1.8,6.9,4.6,483,5.362,5.294,4.505,0.469,0.143,0.105,0.071,5.4,3.5,,64000.0,4000.0,,,,,,,,,,,,,
124,ha1-4_11.xlsx,11.NOV/ha1-4_11.xlsx,label_and_round,886,Ha1,Anseong stream3,2023,11,4,0.5,2023.11.28,11:26,7.4,7.9,11.5,1.8,5.9,5.4,546,5.957,5.633,4.935,0.624,0.127,0.1,0.08,1.6,3.3,,140000.0,11000.0,,,,,,,,,,,,,
125,ha10_11.xlsx,11.NOV/ha10_11.xlsx,label_only,854,Ha10,Yeongdeungpo,2023,11,1,0.5,2023.11.08,12:11,14.8,8.1,9.7,0.7,3.7,2.0,208,2.277,2.253,2.003,0.087,0.05,0.036,0.025,1.0,1.9,,200000.0,15000.0,,,,,,,,,,,,,
126,ha11_11.xlsx,11.NOV/ha11_11.xlsx,label_only,855,Ha11,Kimpo,2023,11,1,0.5,2023.11.08,12:32,15.1,7.8,9.3,1.1,4.6,2.8,277,3.885,3.882,3.375,0.349,0.109,0.081,0.071,1.6,2.5,,120000.0,8000.0,,,,,,,,,,,,,
127,ha12_11.xlsx,11.NOV/ha12_11.xlsx,label_only,856,Ha12,Paju,2023,11,1,0.5,2023.11.06,14:15,17.2,7.9,8.9,2.1,6.5,20.6,331,4.121,4.01,3.111,0.516,0.187,0.117,0.094,1.9,3.1,,1300000.0,52000.0,,,,,,,,,,,,,
128,ha13_11.xlsx,11.NOV/ha13_11.xlsx,label_only,848,Ha13,Dogok,2023,11,1,0.5,2023.11.07,13:17,14.8,8.1,10.4,0.6,3.7,2.0,203,2.073,2.048,1.836,0.04,0.034,0.03,0.01,1.3,1.9,,14000.0,720.0,,,,,,,,,,,,,
129,ha14_11.xlsx,11.NOV/ha14_11.xlsx,label_only,849,Ha14,Guri,2023,11,1,0.5,2023.11.07,09:49,15.4,8.0,9.7,0.5,3.7,7.2,227,2.173,2.165,1.947,0.025,0.029,0.014,0.007,0.5,1.8,,7600.0,560.0,,,,,,,,,,,,,
130,ha15_11.xlsx,11.NOV/ha15_11.xlsx,label_only,850,Ha15,Amsa,2023,11,1,0.5,2023.11.07,09:55,15.3,8.0,9.7,0.5,3.8,1.2,223,2.161,2.157,1.902,0.021,0.027,0.014,0.007,1.4,1.8,,15000.0,1400.0,,,,,,,,,,,,,
131,ha16_11.xlsx,11.NOV/ha16_11.xlsx,label_only,851,Ha16,Jamsil,2023,11,1,0.5,2023.11.07,10:09,15.6,7.8,9.5,0.6,4.1,1.8,192,2.121,2.089,1.913,0.056,0.037,0.025,0.016,0.7,1.9,,110000.0,25000.0,,,,,,,,,,,,,
132,ha17_11.xlsx,11.NOV/ha17_11.xlsx,label_only,844,Ha17,Kyungan stream 3,2023,11,1,0.5,2023.11.27,12:19,7.2,7.4,11.8,1.5,3.8,10.6,372,2.89,2.833,2.595,0.137,0.063,0.043,0.025,2.9,1.8,,66000.0,22000.0,,,,,,,,,,,,,
133,ha18_11.xlsx,11.NOV/ha18_11.xlsx,label_only,845,Ha18,Kyungan stream 5,2023,11,1,0.5,2023.11.27,11:58,8.1,7.4,11.4,1.0,4.4,3.8,422,3.815,3.797,3.529,0.08,0.035,0.024,0.012,3.2,2.4,,34000.0,5500.0,,,,,,,,,,,,,
134,ha19_11.xlsx,11.NOV/ha19_11.xlsx,label_only,846,Ha19,Kyungan stream 7,2023,11,1,0.5,2023.11.27,11:28,7.2,7.6,11.8,1.2,4.6,4.4,438,4.155,4.125,3.925,0.104,0.033,0.018,0.007,6.2,2.5,,32000.0,5700.0,,,,,,,,,,,,,
135,ha2-1_11.xlsx,11.NOV/ha2-1_11.xlsx,label_and_round,847,Ha2,Kyungan stream11,2023,11,1,0.5,2023.11.27,10:55,7.8,8.1,11.9,1.1,4.2,1.4,404,3.536,3.459,3.277,0.067,0.022,0.014,0.004,2.4,2.2,,6400.0,510.0,,,,,,,,,,,,,
136,ha21_11.xlsx,11.NOV/ha21_11.xlsx,label_only,843,Ha21,Kyungan stream 2,2023,11,1,0.5,2023.11.27,12:40,7.6,7.7,12.6,2.1,5.2,4.0,288,2.96,2.901,2.738,0.147,0.068,0.056,0.05,9.9,2.7,,190000.0,34000.0,,,,,,,,,,,,,
137,ha23_11.xlsx,11.NOV/ha23_11.xlsx,label_only,857,Ha23,Hantangang2,2023,11,1,0.5,2023.11.21,11:45,6.9,7.7,12.6,0.6,3.2,0.8,340,4.852,4.778,4.721,0.032,0.033,0.026,0.018,0.8,1.3,,4800.0,940.0,,,,,,,,,,,,,
138,ha24_11.xlsx,11.NOV/ha24_11.xlsx,label_only,858,Ha24,Hantangang3,2023,11,1,0.5,2023.11.21,11:20,6.8,7.7,12.3,0.3,2.4,0.8,213,3.693,3.662,3.594,0.017,0.022,0.019,0.017,0.4,1.0,,5600.0,1100.0,,,,,,,,,,,,,
139,ha25_11.xlsx,11.NOV/ha25_11.xlsx,label_only,859,Ha25,Hantangang4,2023,11,1,0.5,2023.11.21,13:15,8.2,7.9,12.6,0.5,2.5,1.4,217,3.777,3.776,3.686,0.023,0.028,0.026,0.017,0.4,1.0,,6000.0,1700.0,,,,,,,,,,,,,
140,ha26_11.xlsx,11.NOV/ha26_11.xlsx,label_only,860,Ha26,Nam-i island,2023,11,1,0.5,2023.11.09,10:36,14.1,8.1,9.5,0.6,4.5,4.4,98,2.03,2.006,1.932,0.038,0.017,0.015,,1.2,2.1,,14000.0,780.0,,,,,,,,,,,,,
141,ha3-1_11.xlsx,11.NOV/ha3-1_11.xlsx,label_and_round,896,Ha3,Imjin stream 2,2023,11,1,0.5,2023.11.21,10:45,7.0,7.8,12.5,0.8,2.5,1.4,121,1.113,1.108,1.015,0.022,0.013,0.011,0.006,0.7,1.0,,2500.0,840.0,,,,,,,,,,,,,
142,ha4-1_11.xlsx,11.NOV/ha4-1_11.xlsx,label_and_round,879,Ha4,Gayang,2023,11,1,0.5,2023.11.08,12:19,14.9,8.1,9.5,1.0,3.9,2.6,211,2.292,2.255,2.022,0.13,0.065,0.05,0.034,0.9,1.9,,75000.0,11000.0,,,,,,,,,,,,,
143,ha4-2_11.xlsx,11.NOV/ha4-2_11.xlsx,label_and_round,880,Ha4,Gayang,2023,11,2,0.5,2023.11.13,10:50,10.8,8.0,10.1,0.8,4.4,6.4,253,3.16,3.13,2.836,0.241,0.354,0.324,0.212,4.8,2.0,,6400.0,1600.0,,,,,,,,,,,,,
144,ha4-3_11.xlsx,11.NOV/ha4-3_11.xlsx,label_and_round,881,Ha4,Gayang,2023,11,3,0.5,2023.11.20,11:00,10.4,7.6,10.4,0.8,4.8,2.0,297,4.153,4.114,3.352,0.395,0.067,0.058,0.041,3.4,2.2,,2100.0,5600.0,,,,,,,,,,,,,
145,ha4-4_11.xlsx,11.NOV/ha4-4_11.xlsx,label_and_round,882,Ha4,Gayang,2023,11,4,0.5,2023.11.27,13:25,9.2,7.8,11.8,1.5,4.9,7.8,268,3.764,3.677,3.274,0.241,0.042,0.024,0.018,25.4,2.5,,2600.0,230.0,,,,,,,,,,,,,
146,ha5_11.xlsx,11.NOV/ha5_11.xlsx,label_only,895,Ha5,Ara stream 1,2023,11,1,0.5,2023.11.14,12:25,12.5,7.7,8.7,0.4,2.0,3.6,8572,3.764,3.703,2.988,0.522,0.085,0.064,0.048,0.9,2.2,,7000.0,1100.0,,,,,,,,,,,,,
147,ha6_11.xlsx,11.NOV/ha6_11.xlsx,label_only,897,Ha6,Ara stream 2,2023,11,1,0.5,2023.11.15,12:50,11.8,7.7,8.9,0.3,2.1,3.8,10274,3.596,3.572,2.766,0.538,0.08,0.066,0.06,0.5,2.2,,7000.0,160.0,,,,,,,,,,,,,
148,ha7_11.xlsx,11.NOV/ha7_11.xlsx,label_only,870,Ha7,seonhaeng stream,2023,11,1,0.5,2023.11.08,13:30,15.7,8.5,9.8,1.0,4.4,1.6,414,3.508,3.493,3.138,0.109,0.136,0.116,0.086,1.1,2.0,,220000.0,11000.0,,,,,,,,,,,,,
149,ha8_11.xlsx,11.NOV/ha8_11.xlsx,label_only,852,Ha8,Ttukdo,2023,11,1,0.5,2023.11.08,11:37,14.6,8.4,10.9,0.6,3.4,1.4,229,2.212,2.178,2.037,0.013,0.03,0.022,0.014,0.5,1.7,,24000.0,3000.0,,,,,,,,,,,,,
150,ha9_11.xlsx,11.NOV/ha9_11.xlsx,label_only,853,Ha9,Bogwang,2023,11,1,0.5,2023.11.08,11:44,14.7,8.3,10.7,0.5,3.3,1.4,233,2.243,2.224,2.098,0.018,0.026,0.013,0.01,0.7,1.8,,13000.0,1300.0,,,,,,,,,,,,,
151,ho1_11.xlsx,11.NOV/ho1_11.xlsx,label_only,878,Ho1,Nam-yang lake 3,2023,11,1,0.5,2023.11.13,13:40,10.2,8.0,10.0,1.4,6.6,2.4,612,4.076,4.061,2.847,0.902,0.114,0.086,0.061,1.6,3.3,,170000.0,12000.0,,,,,,,,,,,,,
152,ho3_11.xlsx,11.NOV/ho3_11.xlsx,label_only,877,Ho3,Asan lake 3,2023,11,11,0.5,2023.11.29,11:35,7.3,8.5,13.2,3.2,8.8,15.0,796,5.133,4.881,3.833,0.721,0.073,0.015,0.003,48.0,4.7,0.7,2000.0,220.0,,,,,,,,,,,,,
153,san1-1_11.xlsx,11.NOV/san1-1_11.xlsx,label_and_round,912,San1,Jang-an stream,2023,11,1,0.5,2023.11.16,11:57,12.5,8.1,9.3,8.8,9.4,24.7,498,8.406,,,,0.473,,,,6.8,,860000.0,,,,1.3,0.0974,0.07379,,,,0.01454,0.07412,0.1,,0.04528
154,san1-2_11.xlsx,11.NOV/san1-2_11.xlsx,label_and_round,913,San1,Jang-an stream,2023,11,2,0.5,2023.11.28,10:58,8.8,7.9,10.9,8.3,9.4,23.4,486,,,,,,,,,4.2,,,,,,,,,,,,,,,,
155,san10-1_11.xlsx,11.NOV/san10-1_11.xlsx,label_and_round,920,San10,Okgu stream,2023,11,1,0.5,2023.11.15,12:18,13.0,8.0,10.0,1.5,5.3,5.0,7652,4.036,,,,0.078,,,,4.8,,260000.0,,,8.0,,0.11656,0.02321,,,,,0.08681,0.33,,0.04058
156,san10-2_11.xlsx,11.NOV/san10-2_11.xlsx,label_and_round,921,San10,Okgu stream,2023,11,2,0.5,2023.11.29,12:00,9.4,7.9,12.3,11.6,13.5,23.9,8487,,,,,,,,,7.2,,,,,,,,,,,,,,,,
157,san11-1_11.xlsx,11.NOV/san11-1_11.xlsx,label_and_round,922,San11,Gunja stream,2023,11,1,0.5,2023.11.15,12:26,12.2,8.1,11.1,1.4,7.4,6.2,5243,4.622,,,,0.057,,,,4.8,,2400000.0,,,8.0,0.5,0.48089,0.0268,,,0.0355,,0.51365,0.3,0.03787,0.0367
158,san11-2_11.xlsx,11.NOV/san11-2_11.xlsx,label_and_round,923,San11,Gunja stream,2023,11,2,0.5,2023.11.29,12:12,7.9,7.6,11.8,3.1,9.5,16.8,6490,,,,,,,,,8.0,,,,,,,,,,,,,,,,
159,san12-1_11.xlsx,11.NOV/san12-1_11.xlsx,label_and_round,924,San12,Jeongwang stream,2023,11,1,0.5,2023.11.15,12:36,12.5,8.1,10.7,1.9,5.4,4.4,5425,4.605,,,,0.082,,,,3.5,,410000.0,,,5.0,,0.14626,,,,0.0129,0.09104,0.23236,0.31,0.01987,0.04532
160,san12-2_11.xlsx,11.NOV/san12-2_11.xlsx,label_and_round,925,San12,Jeongwang stream,2023,11,2,0.5,2023.11.29,12:20,8.6,7.7,11.1,3.0,7.2,54.6,4340,,,,,,,,,5.2,,,,,,,,,,,,,,,,
161,san13-1_11.xlsx,11.NOV/san13-1_11.xlsx,label_and_round,926,San13,Je4ganseon-sulo,2023,11,1,0.5,2023.11.15,12:47,12.8,7.8,3.8,22.6,19.7,11.8,3646,5.254,,,,0.066,,,,12.6,,5500000.0,,0.047,8.0,,0.1839,0.04727,,,0.0678,0.06655,0.07235,0.28,0.01773,0.04932
162,san13-2_11.xlsx,11.NOV/san13-2_11.xlsx,label_and_round,927,San13,Je4ganseon-sulo,2023,11,2,0.5,2023.11.29,12:28,8.9,7.6,5.4,18.8,29.0,6.2,2887,,,,,,,,,20.2,,,,,,,,,,,,,,,,
163,san14-1_11.xlsx,11.NOV/san14-1_11.xlsx,label_and_round,918,San14,Shingil stream,2023,11,1,0.5,2023.11.15,12:57,14.3,7.9,7.8,12.8,20.6,15.3,4136,9.433,,,,0.708,,,,11.9,,3000000.0,,0.013,10.0,,0.49966,0.17883,0.1,,0.0297,0.15614,0.02166,0.42,0.44763,0.0524
164,san14-2_11.xlsx,11.NOV/san14-2_11.xlsx,label_and_round,919,San14,Shingil stream,2023,11,2,0.5,2023.11.29,12:36,8.6,7.6,7.7,11.0,16.9,13.2,4244,,,,,,,,,9.3,,,,,,,,,,,,,,,,
165,san15-1_11.xlsx,11.NOV/san15-1_11.xlsx,label_and_round,916,San15,Banwol stream,2023,11,1,0.5,2023.11.13,14:40,11.2,8.4,12.3,0.5,4.4,1.2,695,3.672,,,,0.056,,,,2.3,,200000.0,,,8.0,0.5,0.03763,0.11894,,,,,,0.12,,0.06195
166,san15-2_11.xlsx,11.NOV/san15-2_11.xlsx,label_and_round,917,San15,Banwol stream,2023,11,2,0.5,2023.11.27,13:35,8.3,8.0,13.4,1.2,5.0,2.2,711,,,,,,,,,2.6,,,,,,,,,,,,,,,,
167,san16-1_11.xlsx,11.NOV/san16-1_11.xlsx,label_and_round,928,San16,Gumun stream,2023,11,1,0.5,2023.11.13,13:20,13.4,8.1,11.5,1.1,6.8,23.0,1216,6.249,,,,0.047,,,,6.9,,61000.0,,,,,0.24033,0.16249,,,,,0.00552,0.18,,0.10279
168,san17-1_11.xlsx,11.NOV/san17-1_11.xlsx,label_and_round,930,San17,Wonjeongli-sulo,2023,11,1,0.5,2023.11.13,11:00,14.7,7.9,9.2,3.3,11.0,11.8,3788,4.91,,,,0.168,,,,6.0,,610000.0,,,,1.4,0.09101,0.08358,,,,,0.08173,0.46,0.01924,0.05381
169,san17-2_11.xlsx,11.NOV/san17-2_11.xlsx,label_and_round,931,San17,Wonjeongli-sulo,2023,11,2,0.5,2023.11.27,14:44,12.5,7.3,8.2,6.3,15.7,8.6,5839,,,,,,,,,7.8,,,,,,,,,,,,,,,,
170,san2-2_11.xlsx,11.NOV/san2-2_11.xlsx,label_and_round,911,San2,Cheonglyong stream,2023,11,2,0.5,2023.11.28,13:37,11.0,8.2,13.8,1.8,7.2,4.0,1191,,,,,,,,,4.4,,,,,,,,,,,,,,,,
171,san3-1_11.xlsx,11.NOV/san3-1_11.xlsx,label_and_round,908,San3,Geonji stream,2023,11,1,0.5,2023.11.16,14:12,12.0,8.1,10.2,4.1,8.2,6.2,724,7.718,,,,0.236,,,,4.9,,440000.0,,,,,0.1415,0.13548,,,,0.00993,0.05133,0.26,,0.03824
172,san3-2_11.xlsx,11.NOV/san3-2_11.xlsx,label_and_round,909,San3,Geonji stream,2023,11,2,0.5,2023.11.28,14:06,10.8,7.9,11.3,2.6,7.7,6.8,116,,,,,,,,,4.5,,,,,,,,,,,,,,,,
173,san4-1_11.xlsx,11.NOV/san4-1_11.xlsx,label_and_round,906,San4,Man-u stream,2023,11,1,0.5,2023.11.13,12:30,21.1,7.5,9.3,0.9,9.5,2.2,1184,5.746,,,,0.02,,,,5.7,,12000.0,,,,,0.05639,,,,,0.02668,0.02782,7.18,0.04303,0.00749
174,san4-2_11.xlsx,11.NOV/san4-2_11.xlsx,label_and_round,907,San4,Man-u stream,2023,11,2,0.5,2023.11.27,11:40,21.4,7.2,8.6,0.8,9.3,1.0,1241,,,,,,,,,4.9,,,,,,,,,,,,,,,,
175,san5-1_11.xlsx,11.NOV/san5-1_11.xlsx,label_and_round,902,San5,Sin stream-1,2023,11,1,0.5,2023.11.15,11:11,8.2,8.1,11.8,1.4,5.8,2.4,986,6.247,,,,0.093,,,,3.3,,50000.0,,,8.0,,0.07963,0.03753,,,,,0.02386,0.16,,0.06038
176,san5-2_11.xlsx,11.NOV/san5-2_11.xlsx,label_and_round,903,San5,Sin stream-1,2023,11,2,0.5,2023.11.28,11:00,5.7,7.9,12.3,2.6,7.2,3.2,906,,,,,,,,,3.7,,,,,,,,,,,,,,,,
177,san6-1_11.xlsx,11.NOV/san6-1_11.xlsx,label_and_round,904,San6,Sin stream-2,2023,11,1,0.5,2023.11.15,12:23,13.1,8.0,11.0,3.0,9.3,4.2,1606,7.234,,,,0.085,,,,6.1,,160000.0,,,29.0,,0.07641,0.06023,,,,,0.04269,0.13,,0.0361
178,san6-2_11.xlsx,11.NOV/san6-2_11.xlsx,label_and_round,905,San6,Sin stream-2,2023,11,2,0.5,2023.11.28,12:10,8.3,7.8,12.7,5.7,9.6,4.0,1095,,,,,,,,,5.1,,,,,,,,,,,,,,,,
179,san7-1_11.xlsx,11.NOV/san7-1_11.xlsx,label_and_round,898,San7,Pocheon stream,2023,11,1,0.5,2023.11.15,13:32,10.0,8.4,12.9,0.8,4.7,2.6,560,6.185,,,,0.069,,,,2.3,,17000.0,,,8.0,,0.02967,0.03171,,,,,0.01073,0.1,,0.06028
180,san7-2_11.xlsx,11.NOV/san7-2_11.xlsx,label_and_round,899,San7,Pocheon stream,2023,11,2,0.5,2023.11.28,13:10,7.3,8.9,15.6,1.9,5.5,5.4,584,,,,,,,,,2.9,,,,,,,,,,,,,,,,
181,san8-1_11.xlsx,11.NOV/san8-1_11.xlsx,label_and_round,900,San8,Yeongpyeong stream,2023,11,1,0.5,2023.11.15,13:07,9.3,8.6,13.6,0.8,3.7,1.2,517,5.698,,,,0.033,,,,1.6,,32000.0,,,6.0,,0.02461,0.01528,,,,0.00754,0.03762,0.14,,0.03574
182,san8-2_11.xlsx,11.NOV/san8-2_11.xlsx,label_and_round,901,San8,Yeongpyeong stream,2023,11,2,0.5,2023.11.28,12:45,6.4,8.7,14.2,1.2,3.7,2.8,356,,,,,,,,,1.7,,,,,,,,,,,,,,,,
183,san9-1_11.xlsx,11.NOV/san9-1_11.xlsx,label_and_round,914,San9,Seung-gi stream,2023,11,1,0.5,2023.11.15,10:57,11.4,7.8,7.8,1.4,9.3,7.0,889,5.279,,,,0.19,,,,5.7,,140000.0,,,20.0,0.6,0.08298,0.132,,,,,0.02406,0.1,,0.03002
184,san9-2_11.xlsx,11.NOV/san9-2_11.xlsx,label_and_round,915,San9,Seung-gi stream,2023,11,2,0.5,2023.11.29,10:33,7.9,7.5,8.1,1.3,9.7,5.0,812,,,,,,,,,5.9,,,,,,,,,,,,,,,,
185,ha1-1_12.xlsx,12.DEC/ha1-1_12.xlsx,label_and_round,958,Ha1,Anseong stream3,2023,12,1,0.5,2023.12.04,12:04,5.7,7.9,12.3,1.3,8.1,3.4,545,6.489,6.365,4.855,1.024,0.154,0.106,0.088,2.4,3.3,,16000.0,2500.0,,,,,,,,,,,,,
186,ha1-2_12.xlsx,12.DEC/ha1-2_12.xlsx,label_and_round,959,Ha1,Anseong stream3,2023,12,2,0.5,2023.12.11,11:15,11.6,8.2,10.1,1.9,7.0,9.0,543,6.009,5.832,4.187,1.009,0.13,0.094,0.062,10.1,3.6,,25000.0,330.0,,,,,,,,,,,,,
187,ha1-3_12.xlsx,12.DEC/ha1-3_12.xlsx,label_and_round,960,Ha1,Anseong stream3,2023,12,3,0.5,2023.12.19,12:49,2.8,7.6,13.3,1.6,6.2,30.6,430,5.476,5.294,4.147,0.8,0.144,0.083,0.066,5.9,3.6,,74000.0,8600.0,,,,,,,,,,,,,
188,ha1-4_12.xlsx,12.DEC/ha1-4_12.xlsx,label_and_round,961,Ha1,Anseong stream3,2023,12,4,0.5,2023.12.26,11:30,4.6,7.6,11.7,1.2,6.0,8.4,414,5.927,5.779,3.824,1.191,0.152,0.149,0.139,3.4,2.7,,42000.0,7600.0,,,,,,,,,,,,,
189,ha11_12.xlsx,12.DEC/ha11_12.xlsx,label_only,943,Ha11,Kimpo,2023,12,1,0.5,2023.12.12,11:11,8.3,7.4,11.8,1.7,6.3,9.6,340,5.809,5.448,4.293,1.031,0.111,0.057,0.044,18.9,3.3,,420000.0,68000.0,,,,,,,,,,,,,
190,ha12_12.xlsx,12.DEC/ha12_12.xlsx,label_only,944,Ha12,Paju,2023,12,1,0.5,2023.12.13,10:59,8.4,7.5,11.4,1.9,7.1,100.0,438,6.093,5.714,4.628,0.911,0.168,0.118,0.025,17.3,3.5,,460000.0,36000.0,,,,,,,,,,,,,
191,ha13_12.xlsx,12.DEC/ha13_12.xlsx,label_only,937,Ha13,Dogok,2023,12,1,0.5,2023.12.12,11:46,6.3,8.1,12.7,0.7,3.8,4.8,206,2.473,2.374,2.344,0.017,0.029,0.025,,2.5,1.6,,1600.0,24.0,,,,,,,,,,,,,
192,ha14_12.xlsx,12.DEC/ha14_12.xlsx,label_only,938,Ha14,Guri,2023,12,1,0.5,2023.12.12,10:15,6.7,8.5,12.6,0.7,4.4,76.7,220,2.527,2.413,2.296,0.015,0.032,0.026,0.018,7.5,2.5,,6300.0,120.0,,,,,,,,,,,,,
193,ha15_12.xlsx,12.DEC/ha15_12.xlsx,label_only,939,Ha15,Amsa,2023,12,1,0.5,2023.12.12,11:11,7.5,8.1,12.4,0.6,3.8,6.4,218,2.492,2.403,2.298,0.013,0.017,0.012,,3.5,1.7,,3200.0,270.0,,,,,,,,,,,,,
194,ha16_12.xlsx,12.DEC/ha16_12.xlsx,label_only,940,Ha16,Jamsil,2023,12,1,0.5,2023.12.12,10:43,6.4,8.2,12.7,0.8,4.0,8.0,220,2.496,2.449,2.343,0.02,0.046,0.037,,11.1,1.7,,820.0,170.0,,,,,,,,,,,,,
195,ha17_12.xlsx,12.DEC/ha17_12.xlsx,label_only,933,Ha17,Kyungan stream 3,2023,12,1,0.5,2023.12.13,11:27,7.9,7.7,12.0,0.9,4.0,5.0,402,2.84,2.815,2.369,0.119,0.061,0.05,0.037,3.0,2.0,,56000.0,8200.0,,,,,,,,,,,,,
196,ha18_12.xlsx,12.DEC/ha18_12.xlsx,label_only,934,Ha18,Kyungan stream 5,2023,12,1,0.5,2023.12.13,10:58,8.7,7.6,11.1,0.7,5.3,6.8,389,3.432,3.396,2.955,0.169,0.056,0.037,0.021,2.4,2.8,,67000.0,6400.0,,,,,,,,,,,,,
197,ha19_12.xlsx,12.DEC/ha19_12.xlsx,label_only,935,Ha19,Kyungan stream 7,2023,12,1,0.5,2023.12.13,10:35,8.0,7.7,11.7,0.9,4.8,5.0,390,3.892,3.887,3.282,0.258,0.049,0.033,0.019,1.5,2.6,,82000.0,11000.0,,,,,,,,,,,,,
198,ha2-1_12.xlsx,12.DEC/ha2-1_12.xlsx,label_and_round,936,Ha2,Kyungan stream11,2023,12,1,0.5,2023.12.13,09:55,9.1,8.0,11.4,0.8,5.0,9.0,393,4.144,4.112,3.37,0.212,0.031,0.019,0.013,5.0,2.8,,2700.0,420.0,,,,,,,,,,,,,
199,ha21_12.xlsx,12.DEC/ha21_12.xlsx,label_only,932,Ha21,Kyungan stream 2,2023,12,1,0.5,2023.12.13,12:35,8.9,8.4,12.8,0.6,3.7,1.8,273,2.84,2.831,2.625,0.067,0.072,0.062,0.055,3.7,1.7,,20000.0,4000.0,,,,,,,,,,,,,
200,ha23_12.xlsx,12.DEC/ha23_12.xlsx,label_only,945,Ha23,Hantangang2,2023,12,1,0.5,2023.12.11,10:56,8.9,8.1,11.6,0.7,3.8,4.8,355,4.307,4.248,4.211,,0.013,0.011,0.007,7.5,1.9,,12000.0,640.0,,,,,,,,,,,,,
201,ha24_12.xlsx,12.DEC/ha24_12.xlsx,label_only,946,Ha24,Hantangang3,2023,12,1,0.5,2023.12.11,11:04,7.9,8.0,11.9,0.9,3.8,6.8,303,3.705,3.673,3.611,,0.015,0.009,0.005,10.9,1.6,,4400.0,110.0,,,,,,,,,,,,,
202,ha25_12.xlsx,12.DEC/ha25_12.xlsx,label_only,947,Ha25,Hantangang4,2023,12,1,0.5,2023.12.11,11:44,8.1,7.4,12.4,0.7,3.7,2.8,303,4.112,3.881,3.784,,0.016,0.005,,4.7,1.5,,5600.0,200.0,,,,,,,,,,,,,
203,ha26_12.xlsx,12.DEC/ha26_12.xlsx,label_only,948,Ha26,Nam-i island,2023,12,1,0.5,2023.12.06,11:36,5.9,7.9,12.3,0.4,3.0,1.0,103,1.734,1.716,1.62,0.026,0.011,0.009,,1.2,1.3,,150.0,19.0,,,,,,,,,,,,,
204,ha3-1_12.xlsx,12.DEC/ha3-1_12.xlsx,label_and_round,971,Ha3,Imjin stream 2,2023,12,1,0.5,2023.12.11,11:24,6.3,7.9,12.7,0.3,2.0,1.2,131,1.065,1.033,1.002,,0.008,0.007,0.005,0.3,0.9,,420.0,10.0,,,,,,,,,,,,,
205,ha4-1_12.xlsx,12.DEC/ha4-1_12.xlsx,label_and_round,954,Ha4,Gayang,2023,12,1,0.5,2023.12.05,10:50,7.2,8.1,13.5,1.1,5.1,5.4,275,3.848,3.802,3.469,0.077,0.035,0.034,0.01,24.9,2.5,,3600.0,320.0,,,,,,,,,,,,,
206,ha4-2_12.xlsx,12.DEC/ha4-2_12.xlsx,label_and_round,955,Ha4,Gayang,2023,12,2,0.5,2023.12.12,10:58,8.0,7.4,11.7,1.6,5.8,7.6,335,5.014,4.726,3.834,0.694,0.06,0.043,0.023,12.0,3.1,,300000.0,30000.0,,,,,,,,,,,,,
207,ha4-4_12.xlsx,12.DEC/ha4-4_12.xlsx,label_and_round,957,Ha4,Gayang,2023,12,4,0.5,2023.12.26,10:43,3.5,7.9,11.5,0.4,4.7,4.4,279,4.216,4.13,3.216,0.536,0.048,0.048,0.031,5.4,2.0,,6600.0,1400.0,,,,,,,,,,,,,
208,ha5_12.xlsx,12.DEC/ha5_12.xlsx,label_only,970,Ha5,Ara stream 1,2023,12,1,0.5,2023.12.05,10:30,8.4,7.7,10.8,1.6,3.6,10.6,16855,4.065,3.961,3.192,0.307,0.065,0.05,0.04,16.2,2.7,,7800.0,58.0,,,,,,,,,,,,,
209,ha6_12.xlsx,12.DEC/ha6_12.xlsx,label_only,972,Ha6,Ara stream 2,2023,12,1,0.5,2023.12.05,10:50,7.2,7.8,11.4,1.2,2.6,9.8,16730,4.153,3.836,3.181,0.289,0.061,0.049,0.047,7.4,2.6,,1200.0,190.0,,,,,,,,,,,,,
210,ha7_12.xlsx,12.DEC/ha7_12.xlsx,label_only,952,Ha7,seonhaeng stream,2023,12,1,0.5,2023.12.05,11:14,8.1,7.6,12.4,1.5,4.4,1.8,329,3.644,3.58,3.157,0.155,0.123,0.12,0.103,2.9,1.4,,110000.0,4400.0,,,,,,,,,,,,,
211,ha9_12.xlsx,12.DEC/ha9_12.xlsx,label_only,941,Ha9,Bogwang,2023,12,1,0.5,2023.12.12,10:26,8.1,7.8,11.6,1.4,5.2,7.4,293,3.9,3.531,2.951,0.523,0.023,0.018,0.015,1.7,2.4,,120000.0,11000.0,,,,,,,,,,,,,
212,ho1_12.xlsx,12.DEC/ho1_12.xlsx,label_only,953,Ho1,Nam-yang lake 3,2023,12,1,0.5,2023.12.04,13:00,7.3,7.3,9.5,2.7,8.6,6.8,696,7.475,7.201,2.926,3.981,0.178,0.14,0.101,1.4,4.6,,49000.0,3700.0,,,,,,,,,,,,,
213,san1-1_12.xlsx,12.DEC/san1-1_12.xlsx,label_and_round,987,San1,Jang-an stream,2023,12,1,0.5,2023.12.04,11:40,8.3,7.9,10.7,3.9,7.8,17.6,523,8.104,,,,0.338,,,,3.0,,620000.0,,,,,0.1146,0.0411,,,0.0077,,0.019,,,0.0372
214,san1-2_12.xlsx,12.DEC/san1-2_12.xlsx,label_and_round,988,San1,Jang-an stream,2023,12,2,0.5,2023.12.19,13:26,6.6,7.9,11.9,5.5,8.2,24.0,499,,,,,,,,,4.4,,,,,,,,,,,,,,,,
215,san10-1_12.xlsx,12.DEC/san10-1_12.xlsx,label_and_round,995,San10,Okgu stream,2023,12,1,0.5,2023.12.06,13:30,10.6,7.3,9.2,5.1,5.5,6.4,6493,3.261,,,,0.085,,,,4.5,,160000.0,,,5.0,,0.1267,0.0417,,,,,0.1306,0.27,,0.0351
216,san10-2_12.xlsx,12.DEC/san10-2_12.xlsx,label_and_round,996,San10,Okgu stream,2023,12,2,0.5,2023.12.20,13:03,3.6,7.3,9.5,10.2,12.4,9.4,15819,,,,,,,,,7.8,,,,,,,,,,,,,,,,
217,san11-1_12.xlsx,12.DEC/san11-1_12.xlsx,label_and_round,997,San11,Gunja stream,2023,12,1,0.5,2023.12.06,13:40,9.1,7.3,9.2,1.9,3.4,9.4,16453,2.93,,,,0.099,,,,2.8,,260000.0,,,5.0,,0.6553,0.0419,,,0.0421,,0.0966,0.35,0.0328,0.0327
218,san11-2_12.xlsx,12.DEC/san11-2_12.xlsx,label_and_round,998,San11,Gunja stream,2023,12,2,0.5,2023.12.20,13:12,2.6,7.3,10.7,2.4,3.2,18.8,30993,,,,,,,,,3.4,,,,,,,,,,,,,,,,
219,san12-1_12.xlsx,12.DEC/san12-1_12.xlsx,label_and_round,999,San12,Jeongwang stream,2023,12,1,0.5,2023.12.06,13:50,8.7,7.5,9.8,2.9,3.7,12.4,19323,3.9,,,,0.111,,,,3.1,,36000.0,,,4.0,0.6,0.105,0.0151,0.01,,0.0082,0.0278,0.1223,0.48,,0.0333
220,san12-2_12.xlsx,12.DEC/san12-2_12.xlsx,label_and_round,1000,San12,Jeongwang stream,2023,12,2,0.5,2023.12.20,13:24,3.3,7.6,11.6,7.4,7.5,13.4,13427,,,,,,,,,7.2,,,,,,,,,,,,,,,,
221,san13-1_12.xlsx,12.DEC/san13-1_12.xlsx,label_and_round,1001,San13,Je4ganseon-sulo,2023,12,1,0.5,2023.12.06,14:00,9.2,7.3,7.4,12.5,11.2,13.2,21575,3.67,,,,0.82,,,,7.0,,1100000.0,,0.023,5.0,,0.1342,0.028,,,0.0293,0.015,0.0351,0.58,0.0154,0.0296
222,san13-2_12.xlsx,12.DEC/san13-2_12.xlsx,label_and_round,1002,San13,Je4ganseon-sulo,2023,12,2,0.5,2023.12.20,13:33,4.7,7.6,11.1,4.9,6.3,11.0,11474,,,,,,,,,5.1,,,,,,,,,,,,,,,,
223,san14-1_12.xlsx,12.DEC/san14-1_12.xlsx,label_and_round,993,San14,Shingil stream,2023,12,1,0.5,2023.12.06,14:10,11.2,7.5,6.8,16.3,20.5,11.5,5028,11.636,,,,0.418,,,,12.0,,170000.0,,,6.0,0.8,0.6479,0.1343,,,0.0393,0.3041,0.0261,0.5,0.1354,0.0486
224,san14-2_12.xlsx,12.DEC/san14-2_12.xlsx,label_and_round,994,San14,Shingil stream,2023,12,2,0.5,2023.12.20,13:45,5.7,7.6,9.8,18.8,20.8,36.0,3660,,,,,,,,,15.0,,,,,,,,,,,,,,,,
225,san15-1_12.xlsx,12.DEC/san15-1_12.xlsx,label_and_round,991,San15,Banwol stream,2023,12,1,0.5,2023.12.04,14:30,7.8,8.3,15.1,1.0,5.0,3.0,789,4.362,,,,0.036,,,,2.4,,110000.0,,,6.0,,0.0668,0.0607,,,,,,,,0.0588
226,san15-2_12.xlsx,12.DEC/san15-2_12.xlsx,label_and_round,992,San15,Banwol stream,2023,12,2,0.5,2023.12.20,10:55,2.8,7.6,13.8,0.8,4.3,2.8,873,,,,,,,,,2.3,,,,,,,,,,,,,,,,
227,san16-1_12.xlsx,12.DEC/san16-1_12.xlsx,label_and_round,1003,San16,Gumun stream,2023,12,1,0.5,2023.12.04,12:50,8.4,7.3,9.6,2.1,10.0,8.0,1152,11.352,,,,0.084,,,,6.7,,14000.0,,,,,0.2839,0.1148,,,,,0.011,,,0.076
228,san16-2_12.xlsx,12.DEC/san16-2_12.xlsx,label_and_round,1004,San16,Gumun stream,2023,12,2,0.5,2023.12.20,13:15,5.9,7.3,10.7,2.0,6.3,4.0,788,,,,,,,,,3.9,,,,,,,,,,,,,,,,
229,san17-1_12.xlsx,12.DEC/san17-1_12.xlsx,label_and_round,1005,San17,Wonjeongli-sulo,2023,12,1,0.5,2023.12.04,12:15,15.0,7.4,8.7,1.5,13.8,5.8,6410,7.36,,,,0.255,,,,8.2,,18000.0,,,,,0.0705,0.0435,,,,0.0116,0.1771,1.0,0.0445,0.0186
230,san17-2_12.xlsx,12.DEC/san17-2_12.xlsx,label_and_round,1006,San17,Wonjeongli-sulo,2023,12,2,0.5,2023.12.20,13:45,8.6,7.5,10.1,8.8,10.3,30.8,4843,,,,,,,,,7.7,,,,,,,,,,,,,,,,
231,san2-1_12.xlsx,12.DEC/san2-1_12.xlsx,label_and_round,985,San2,Cheonglyong stream,2023,12,1,0.5,2023.12.04,13:40,11.2,7.9,13.8,1.1,7.6,12.4,1244,10.894,,,,0.168,,,,4.2,,16000.0,,,14.0,,0.1259,0.0158,,,,0.0082,0.0163,0.16,,0.0563
232,san2-2_12.xlsx,12.DEC/san2-2_12.xlsx,label_and_round,986,San2,Cheonglyong stream,2023,12,2,0.5,2023.12.19,12:38,4.8,7.9,13.1,1.2,5.5,7.8,807,,,,,,,,,3.5,,,,,,,,,,,,,,,,
233,san3-1_12.xlsx,12.DEC/san3-1_12.xlsx,label_and_round,983,San3,Geonji stream,2023,12,1,0.5,2023.12.04,14:03,11.4,8.1,11.8,1.3,6.2,8.4,862,7.136,,,,0.165,,,,3.3,,12000.0,,,,,0.1138,0.1112,,,,,0.0125,0.36,,0.031
234,san3-2_12.xlsx,12.DEC/san3-2_12.xlsx,label_and_round,984,San3,Geonji stream,2023,12,2,0.5,2023.12.19,12:14,5.4,7.7,12.1,1.6,5.7,3.6,722,,,,,,,,,3.4,,,,,,,,,,,,,,,,
235,san4-1_12.xlsx,12.DEC/san4-1_12.xlsx,label_and_round,981,San4,Man-u stream,2023,12,1,0.5,2023.12.05,12:15,22.4,7.4,9.2,0.5,10.1,2.8,1179,4.107,,,,0.027,,,,5.1,,7400.0,,,,0.6,0.0548,0.0076,,,,0.0168,0.0101,6.6,0.0603,0.0065
236,san4-2_12.xlsx,12.DEC/san4-2_12.xlsx,label_and_round,982,San4,Man-u stream,2023,12,2,0.5,2023.12.18,11:15,16.9,7.5,9.7,0.3,9.7,2.8,1105,,,,,,,,,4.9,,,,,,,,,,,,,,,,
237,san5-1_12.xlsx,12.DEC/san5-1_12.xlsx,label_and_round,977,San5,Sin stream-1,2023,12,1,0.5,2023.12.06,10:35,7.3,7.5,10.4,3.1,8.3,4.0,1308,7.768,,,,0.075,,,,4.1,,37000.0,,,8.0,,0.1502,0.0635,,,,0.0092,0.0714,0.14,,0.0791
238,san5-2_12.xlsx,12.DEC/san5-2_12.xlsx,label_and_round,978,San5,Sin stream-1,2023,12,2,0.5,2023.12.18,10:35,0.7,7.8,14.6,1.5,5.0,7.2,544,,,,,,,,,2.5,,,,,,,,,,,,,,,,
239,san6-1_12.xlsx,12.DEC/san6-1_12.xlsx,label_and_round,979,San6,Sin stream-2,2023,12,1,0.5,2023.12.06,11:50,8.6,7.5,11.1,8.8,9.5,8.8,1455,9.478,,,,0.124,,,,5.6,,46000.0,,,17.0,,0.1296,0.1548,,,,0.007,0.0449,0.13,,0.0446
240,san6-2_12.xlsx,12.DEC/san6-2_12.xlsx,label_and_round,980,San6,Sin stream-2,2023,12,2,0.5,2023.12.18,11:15,0.0,7.5,14.5,4.8,8.0,6.8,529,,,,,,,,,3.5,,,,,,,,,,,,,,,,
241,san7-1_12.xlsx,12.DEC/san7-1_12.xlsx,label_and_round,973,San7,Pocheon stream,2023,12,1,0.5,2023.12.06,12:39,7.5,8.8,16.3,2.5,5.8,15.2,579,7.104,,,,0.107,,,,2.8,,24000.0,,,6.0,,0.0348,0.0365,,,,,0.0051,,,0.0563
242,san7-2_12.xlsx,12.DEC/san7-2_12.xlsx,label_and_round,974,San7,Pocheon stream,2023,12,2,0.5,2023.12.18,13:25,0.0,7.5,14.9,1.0,4.3,18.2,430,,,,,,,,,1.9,,,,,,,,,,,,,,,,
243,san8-1_12.xlsx,12.DEC/san8-1_12.xlsx,label_and_round,975,San8,Yeongpyeong stream,2023,12,1,0.5,2023.12.06,12:19,7.1,8.5,14.9,1.3,4.0,2.8,517,6.874,,,,0.018,,,,2.0,,4100.0,,,6.0,0.8,0.022,0.0417,,,,,0.0156,0.11,,0.0344
244,san8-2_12.xlsx,12.DEC/san8-2_12.xlsx,label_and_round,976,San8,Yeongpyeong stream,2023,12,2,0.5,2023.12.18,13:00,0.0,7.9,15.2,0.4,3.0,1.6,280,,,,,,,,,1.3,,,,,,,,,,,,,,,,
245,san9-1_12.xlsx,12.DEC/san9-1_12.xlsx,label_and_round,989,San9,Seung-gi stream,2023,12,1,0.5,2023.12.06,10:50,10.2,7.2,7.6,2.1,9.0,11.6,805,5.079,,,,0.185,,,,5.6,,43000.0,,,20.0,,0.066,0.0717,,,,0.0082,0.0308,,,0.0279
246,san9-2_12.xlsx,12.DEC/san9-2_12.xlsx,label_and_round,990,San9,Seung-gi stream,2023,12,2,0.5,2023.12.20,11:42,4.9,7.6,11.8,1.9,9.4,12.4,808,,,,,,,,,5.3,,,,,,,,,,,,,,,,
247,ha1-1_2.xlsx,2.FEB/ha1-1_2.xlsx,label_and_round,87,Ha1,Anseong stream3,2023,2,1,0.5,2023.02.01,12:45,5.2,7.7,12.1,1.6,6.0,11.0,595,7.62,5.003,3.99,2.732,0.159,0.092,0.068,4.5,3.9,,46000.0,2700.0,,,,,,,,,,,,,
248,ha1-2_2.xlsx,2.FEB/ha1-2_2.xlsx,label_and_round,88,Ha1,Anseong stream3,2023,2,2,0.5,2023.02.07,12:32,6.3,7.8,12.0,2.2,7.5,10.4,582,7.228,7.068,3.459,2.28,0.198,0.131,0.083,9.5,4.0,,43000.0,1800.0,,,,,,,,,,,,,
249,ha1-3_2.xlsx,2.FEB/ha1-3_2.xlsx,label_and_round,89,Ha1,Anseong stream3,2023,2,3,0.5,2023.02.13,11:17,6.1,8.2,12.0,2.1,6.8,7.4,540,6.204,6.139,2.783,2.207,0.176,0.106,0.07,5.6,4.2,,190000.0,12000.0,,,,,,,,,,,,,
250,ha1-4_2.xlsx,2.FEB/ha1-4_2.xlsx,label_and_round,90,Ha1,Anseong stream3,2023,2,4,0.5,2023.02.21,13:15,6.2,7.9,12.3,2.4,7.1,9.4,574,6.658,6.136,2.947,2.471,0.231,0.168,0.122,6.0,4.1,,62000.0,200.0,,,,,,,,,,,,,
251,ha10_2.xlsx,2.FEB/ha10_2.xlsx,label_only,72,Ha10,Yeongdeungpo,2023,2,1,0.5,2023.02.14,11:24,5.1,7.9,13.8,1.9,5.6,8.0,322,5.122,4.969,3.477,0.895,0.034,0.011,,9.6,3.4,,700.0,48.0,,,,,,,,,,,,,
252,ha11_2.xlsx,2.FEB/ha11_2.xlsx,label_only,73,Ha11,Kimpo,2023,2,1,0.5,2023.02.14,12:07,5.3,7.8,13.9,2.4,5.8,8.8,358,6.055,5.95,3.786,1.271,0.037,0.013,,17.4,3.7,,16000.0,340.0,,,,,,,,,,,,,
253,ha12_2.xlsx,2.FEB/ha12_2.xlsx,label_only,74,Ha12,Paju,2023,2,1,0.5,2023.02.16,10:45,6.3,7.7,12.1,1.1,7.0,19.8,448,7.401,7.303,4.75,1.079,0.074,0.039,0.032,8.0,4.6,,54000.0,2600.0,,,,,,,,,,,,,
254,ha13_2.xlsx,2.FEB/ha13_2.xlsx,label_only,67,Ha13,Dogok,2023,2,1,0.5,2023.02.14,13:40,5.6,8.7,15.0,1.2,4.0,6.2,217,2.597,2.581,2.186,0.046,0.02,0.015,0.007,3.8,2.2,,6300.0,7.0,,,,,,,,,,,,,
255,ha14_2.xlsx,2.FEB/ha14_2.xlsx,label_only,68,Ha14,Guri,2023,2,1,0.5,2023.02.14,10:23,4.8,8.9,15.7,1.3,4.4,12.6,239,2.774,2.717,2.149,0.04,0.027,0.011,,4.7,2.4,,750.0,3.0,,,,,,,,,,,,,
256,ha15_2.xlsx,2.FEB/ha15_2.xlsx,label_only,69,Ha15,Amsa,2023,2,1,0.5,2023.02.14,11:05,5.3,8.7,15.1,1.1,4.0,5.2,237,2.815,2.753,2.088,0.037,0.018,0.012,0.011,4.7,2.3,,1000.0,88.0,,,,,,,,,,,,,
257,ha16_2.xlsx,2.FEB/ha16_2.xlsx,label_only,70,Ha16,Jamsil,2023,2,1,0.5,2023.02.14,11:45,4.7,8.9,14.3,1.8,4.4,8.8,249,2.925,2.815,2.271,0.056,0.019,0.01,0.005,14.3,2.8,,1100.0,66.0,,,,,,,,,,,,,
258,ha17_2.xlsx,2.FEB/ha17_2.xlsx,label_only,63,Ha17,Kyungan stream 3,2023,2,1,0.5,2023.02.20,12:05,6.3,7.7,12.8,1.9,4.6,4.0,406,3.5,3.402,1.992,0.728,0.112,0.082,0.054,3.3,2.3,,110000.0,7200.0,,,,,,,,,,,,,
259,ha18_2.xlsx,2.FEB/ha18_2.xlsx,label_only,64,Ha18,Kyungan stream 5,2023,2,1,0.5,2023.02.20,11:44,5.7,7.7,12.1,1.4,4.7,3.4,441,4.224,4.15,2.863,0.342,0.056,0.035,0.015,9.2,3.0,,98000.0,10000.0,,,,,,,,,,,,,
260,ha19_2.xlsx,2.FEB/ha19_2.xlsx,label_only,65,Ha19,Kyungan stream 7,2023,2,1,0.5,2023.02.20,11:19,5.5,7.7,12.4,1.6,5.6,7.0,471,5.392,4.908,3.284,0.681,0.075,0.04,0.023,6.5,3.3,,140000.0,280.0,,,,,,,,,,,,,
261,ha2-1_2.xlsx,2.FEB/ha2-1_2.xlsx,label_and_round,66,Ha2,Kyungan stream11,2023,2,1,0.5,2023.02.20,10:40,5.5,7.7,12.4,2.2,5.2,10.8,360,4.502,4.285,2.533,0.762,0.056,0.029,0.014,1.8,2.9,,200.0,1.0,,,,,,,,,,,,,
262,ha21_2.xlsx,2.FEB/ha21_2.xlsx,label_only,62,Ha21,Kyungan stream 2,2023,2,1,0.5,2023.02.20,13:24,7.0,8.3,14.8,1.1,3.7,3.0,302,3.372,3.319,2.173,0.46,0.105,0.086,0.061,5.4,2.1,,74000.0,5800.0,,,,,,,,,,,,,
263,ha23_2.xlsx,2.FEB/ha23_2.xlsx,label_only,75,Ha23,Hantangang2,2023,2,1,0.5,2023.02.15,13:00,4.2,8.1,13.8,1.0,3.4,3.6,304,4.23,4.154,3.325,0.361,0.018,0.013,0.004,1.0,2.4,,13000.0,110.0,,,,,,,,,,,,,
264,ha24_2.xlsx,2.FEB/ha24_2.xlsx,label_only,76,Ha24,Hantangang3,2023,2,1,0.5,2023.02.15,13:10,3.5,8.1,13.8,0.7,3.0,1.8,333,4.639,4.598,3.687,0.341,0.018,0.014,0.006,1.6,2.0,,520.0,2.0,,,,,,,,,,,,,
265,ha25_2.xlsx,2.FEB/ha25_2.xlsx,label_only,77,Ha25,Hantangang4,2023,2,1,0.5,2023.02.15,11:35,4.6,8.0,14.7,0.7,2.7,1.6,314,5.165,5.153,4.067,0.34,0.015,0.012,0.007,2.5,1.7,,2000.0,44.0,,,,,,,,,,,,,
266,ha26_2.xlsx,2.FEB/ha26_2.xlsx,label_only,78,Ha26,Nam-i island,2023,2,1,0.5,2023.02.13,10:00,3.8,8.3,13.6,0.7,2.5,0.8,112,1.623,1.483,1.307,0.103,0.008,0.004,,0.6,1.5,,440.0,25.0,,,,,,,,,,,,,
267,ha4-1_2.xlsx,2.FEB/ha4-1_2.xlsx,label_and_round,83,Ha4,Gayang,2023,2,1,0.5,2023.02.01,14:45,2.3,8.4,15.1,0.6,5.1,6.8,352,5.58,5.003,3.48,0.843,0.039,0.012,,11.4,3.2,,34000.0,3100.0,,,,,,,,,,,,,
268,ha4-2_2.xlsx,2.FEB/ha4-2_2.xlsx,label_and_round,84,Ha4,Gayang,2023,2,2,0.5,2023.02.06,10:39,4.0,8.7,13.4,0.7,5.0,8.4,349,5.086,4.947,3.234,0.942,0.035,0.02,0.013,7.0,3.0,,7200.0,190.0,,,,,,,,,,,,,
269,ha4-3_2.xlsx,2.FEB/ha4-3_2.xlsx,label_and_round,85,Ha4,Gayang,2023,2,3,0.5,2023.02.14,11:40,5.0,7.9,13.9,1.3,5.7,10.4,338,5.214,5.057,2.926,1.105,0.035,0.009,,4.9,3.5,,2100.0,80.0,,,,,,,,,,,,,
270,ha4-4_2.xlsx,2.FEB/ha4-4_2.xlsx,label_and_round,86,Ha4,Gayang,2023,2,4,0.5,2023.02.20,10:55,4.8,7.8,13.9,1.2,5.7,15.0,354,5.385,5.068,3.072,0.822,0.043,0.036,0.005,13.6,3.4,,5600.0,300.0,,,,,,,,,,,,,
271,ha5_2.xlsx,2.FEB/ha5_2.xlsx,label_only,97,Ha5,Ara stream 1,2023,2,1,0.5,2023.02.07,10:48,4.4,8.4,14.9,0.8,4.0,8.2,11170,5.287,5.249,3.069,0.959,0.051,0.034,0.021,3.1,2.8,,28000.0,26.0,,,,,,,,,,,,,
272,ha6_2.xlsx,2.FEB/ha6_2.xlsx,label_only,99,Ha6,Ara stream 2,2023,2,1,0.5,2023.02.07,11:08,3.4,8.5,15.2,0.8,4.1,8.0,13376,5.195,5.164,3.135,1.044,0.034,0.017,,2.7,3.1,,4900.0,78.0,,,,,,,,,,,,,
273,ha7_2.xlsx,2.FEB/ha7_2.xlsx,label_only,81,Ha7,seonhaeng stream,2023,2,1,0.5,2023.02.20,11:20,4.6,7.7,14.8,1.3,4.1,7.6,348,4.247,4.093,2.954,0.494,0.16,0.119,0.088,5.2,1.8,,230000.0,11000.0,,,,,,,,,,,,,
274,ha9_2.xlsx,2.FEB/ha9_2.xlsx,label_only,71,Ha9,Bogwang,2023,2,1,0.5,2023.02.14,10:54,5.0,7.8,13.5,2.3,5.8,9.6,332,4.076,3.969,2.756,0.569,0.037,0.01,,6.7,3.2,,28000.0,2100.0,,,,,,,,,,,,,
275,ho1_2.xlsx,2.FEB/ho1_2.xlsx,label_only,82,Ho1,Nam-yang lake 3,2023,2,1,0.5,2023.02.06,13:20,7.2,7.7,10.2,2.2,8.4,17.8,735,8.265,8.2,1.818,5.267,0.238,0.136,0.098,1.9,4.8,,72000.0,2200.0,,,,,,,,,,,,,
276,ho4-1_2.xlsx,2.FEB/ho4-1_2.xlsx,label_and_round,79,Ho4,Cheongpyeong dam1,2023,2,1,,2023.02.13,11:00,1.7,7.8,14.0,0.7,2.4,1.0,105,1.742,1.625,1.293,0.096,0.006,0.005,,0.4,1.4,,76.0,3.0,,,,,,,,,,,,,
277,ho6-1_2.xlsx,2.FEB/ho6-1_2.xlsx,label_and_round,80,Ho6,Cheongpyeong dam3,2023,2,1,,2023.02.13,10:20,3.6,7.9,13.8,0.8,2.5,0.6,105,1.719,1.714,1.366,0.119,0.009,0.005,,0.4,1.4,,74.0,24.0,,,,,,,,,,,,,
278,san1-1_2.xlsx,2.FEB/san1-1_2.xlsx,label_and_round,114,San1,Jang-an stream,2023,2,1,0.5,2023.02.07,11:22,9.6,7.8,10.7,6.1,10.7,4.2,527,9.994,,,,0.393,,,,5.6,,120000.0,,,,,0.09128,0.10435,,,,0.02216,0.02521,0.11,,0.02593
279,san1-2_2.xlsx,2.FEB/san1-2_2.xlsx,label_and_round,115,San1,Jang-an stream,2023,2,2,0.5,2023.02.21,13:40,6.6,7.9,11.8,9.6,13.2,7.6,547,,,,,,,,,6.2,,,,,,,,,,,,,,,,
280,san10-1_2.xlsx,2.FEB/san10-1_2.xlsx,label_and_round,122,San10,Okgu stream,2023,2,1,0.5,2023.02.08,12:30,7.5,8.0,11.9,3.5,7.2,7.0,2799,4.444,,,,0.139,,,,4.7,,210000.0,,,13.0,,0.18579,0.08437,,,,0.02017,0.38572,0.24,,0.03851
281,san10-2_2.xlsx,2.FEB/san10-2_2.xlsx,label_and_round,123,San10,Okgu stream,2023,2,2,0.5,2023.02.21,12:41,6.6,7.9,12.7,6.2,9.2,10.8,5716,,,,,,,,,6.8,,,,,,,,,,,,,,,,
282,san11-1_2.xlsx,2.FEB/san11-1_2.xlsx,label_and_round,124,San11,Gunja stream,2023,2,1,0.5,2023.02.08,12:45,5.5,8.0,13.4,2.0,4.1,9.8,15649,2.857,,,,0.106,,,,2.9,,22000.0,,,5.0,0.7,0.67576,0.02837,,,0.042,0.01885,0.16561,0.41,,0.03095
283,san11-2_2.xlsx,2.FEB/san11-2_2.xlsx,label_and_round,125,San11,Gunja stream,2023,2,2,0.5,2023.02.21,12:51,5.8,8.3,13.3,3.8,6.0,14.4,6139,,,,,,,,,3.6,,,,,,,,,,,,,,,,
284,san12-1_2.xlsx,2.FEB/san12-1_2.xlsx,label_and_round,126,San12,Jeongwang stream,2023,2,1,0.5,2023.02.08,12:53,5.3,8.0,11.8,1.3,5.2,4.0,15522,4.159,,,,0.12,,,,3.8,,1100.0,,,5.0,,0.20477,0.01507,,,0.0228,0.13128,0.31328,,,0.03618
285,san12-2_2.xlsx,2.FEB/san12-2_2.xlsx,label_and_round,127,San12,Jeongwang stream,2023,2,2,0.5,2023.02.21,12:57,5.6,8.3,13.3,3.7,5.6,29.2,7223,,,,,,,,,5.4,,,,,,,,,0.07,,,,,0.46,,
286,san13-1_2.xlsx,2.FEB/san13-1_2.xlsx,label_and_round,128,San13,Je4ganseon-sulo,2023,2,1,0.5,2023.02.08,13:00,5.2,8.0,10.7,7.0,9.1,14.2,7911,4.186,,,,0.211,,,,4.3,,860000.0,,,9.0,0.8,0.23495,0.02046,,,0.1519,0.0782,0.07005,0.35,0.0602,0.03792
287,san13-2_2.xlsx,2.FEB/san13-2_2.xlsx,label_and_round,129,San13,Je4ganseon-sulo,2023,2,2,0.5,2023.02.21,13:07,5.6,7.9,11.8,11.8,16.3,9.1,4265,,,,,,,,,5.9,,,,,,,,,,,,,,,,
288,san14-1_2.xlsx,2.FEB/san14-1_2.xlsx,label_and_round,120,San14,Shingil stream,2023,2,1,0.5,2023.02.08,13:10,7.6,8.0,9.8,15.7,23.1,19.3,2209,7.876,,,,0.448,,,,12.2,,240000.0,,,8.0,0.6,0.7037,0.04632,,,0.0705,0.18097,0.12653,,0.10307,0.05839
289,san14-2_2.xlsx,2.FEB/san14-2_2.xlsx,label_and_round,121,San14,Shingil stream,2023,2,2,0.5,2023.02.21,13:14,8.3,7.6,9.3,17.2,33.7,29.5,2663,,,,,,,,,22.1,,,,,,,,,,,,,,0.38,,
290,san15-1_2.xlsx,2.FEB/san15-1_2.xlsx,label_and_round,118,San15,Banwol stream,2023,2,1,0.5,2023.02.06,13:55,7.6,7.8,10.9,10.5,17.5,22.7,1299,9.109,,,,0.626,,,,7.5,,2900000.0,,,20.0,2.5,0.26951,0.07731,,,,0.01897,0.02206,0.15,,0.06342
291,san15-2_2.xlsx,2.FEB/san15-2_2.xlsx,label_and_round,119,San15,Banwol stream,2023,2,2,0.5,2023.02.22,14:25,8.0,7.7,13.3,2.3,6.1,6.0,1187,,,,,,,,,3.2,,,,,,,,,,,,,,,,
292,san16-1_2.xlsx,2.FEB/san16-1_2.xlsx,label_and_round,130,San16,Gumun stream,2023,2,1,0.5,2023.02.06,13:12,7.2,7.8,11.2,3.5,8.7,9.2,1270,23.927,,,,0.129,,,,7.6,,74.0,,,,,0.75034,0.13683,,,,0.0622,0.01927,0.14,,0.07303
293,san16-2_2.xlsx,2.FEB/san16-2_2.xlsx,label_and_round,131,San16,Gumun stream,2023,2,2,0.5,2023.02.22,13:55,9.1,7.5,10.2,7.5,12.4,6.0,1048,,,,,,,,,13.3,,,,,,,,,,,,,,,,
294,san17-1_2.xlsx,2.FEB/san17-1_2.xlsx,label_and_round,132,San17,Wonjeongli-sulo,2023,2,1,0.5,2023.02.06,11:46,12.4,7.5,10.7,2.7,9.7,5.6,5032,7.592,,,,0.499,,,,6.7,,200000.0,,,,,0.06072,0.01932,,,0.0086,0.00966,0.03084,0.67,0.04064,0.01279
295,san17-2_2.xlsx,2.FEB/san17-2_2.xlsx,label_and_round,133,San17,Wonjeongli-sulo,2023,2,2,0.5,2023.02.22,11:52,10.1,8.3,18.6,9.2,20.4,24.2,5195,,,,,,,,,7.8,,,,,,,,,,,,,,,,
296,san2-1_2.xlsx,2.FEB/san2-1_2.xlsx,label_and_round,112,San2,Cheonglyong stream,2023,2,1,0.5,2023.02.07,13:07,9.9,7.8,12.9,1.5,5.4,4.6,1118,13.991,,,,0.096,,,,3.7,,630000.0,,,12.0,,0.27713,0.05538,,,,0.04315,0.02426,0.19,,0.05846
297,san2-2_2.xlsx,2.FEB/san2-2_2.xlsx,label_and_round,113,San2,Cheonglyong stream,2023,2,2,0.5,2023.02.21,12:40,10.6,7.6,13.7,1.2,6.8,4.0,1465,,,,,,,,,4.4,,,,,,,,,,,,,,,,
298,san3-1_2.xlsx,2.FEB/san3-1_2.xlsx,label_and_round,110,San3,Geonji stream,2023,2,1,0.5,2023.02.07,13:32,8.7,7.7,10.9,1.8,6.6,12.8,882,9.138,,,,0.192,,,,3.9,,80000.0,,,,,0.15169,0.12429,,,,0.06193,0.02467,0.45,,0.02811
299,san3-2_2.xlsx,2.FEB/san3-2_2.xlsx,label_and_round,111,San3,Geonji stream,2023,2,2,0.5,2023.02.21,10:45,6.7,7.5,9.3,3.0,5.8,4.4,867,,,,,,,,,4.0,,,,,,,,,,,,,,,,
300,san4-1_2.xlsx,2.FEB/san4-1_2.xlsx,label_and_round,108,San4,Man-u stream,2023,2,1,0.5,2023.02.06,12:15,20.8,7.1,9.3,1.6,8.9,4.0,1365,6.916,,,,0.027,,,,6.3,,8800.0,,,,,0.06723,0.01078,,,,0.11648,0.03842,8.73,0.18325,0.00906
301,san4-2_2.xlsx,2.FEB/san4-2_2.xlsx,label_and_round,109,San4,Man-u stream,2023,2,2,0.5,2023.02.20,12:40,20.2,7.1,9.2,1.6,8.2,4.4,1054,,,,,,,,,7.0,,,,,,,,,,,,,,,,
302,san5-1_2.xlsx,2.FEB/san5-1_2.xlsx,label_and_round,104,San5,Sin stream-1,2023,2,1,0.5,2023.02.08,10:45,4.9,7.6,11.1,5.2,10.2,12.8,1772,9.532,,,,0.198,,,,7.2,,94000.0,,,17.0,0.6,0.30194,0.06857,,,0.0171,0.03393,0.08988,0.2,,0.07396
303,san5-2_2.xlsx,2.FEB/san5-2_2.xlsx,label_and_round,105,San5,Sin stream-1,2023,2,2,0.5,2023.02.21,10:40,3.2,7.7,11.7,7.3,11.8,10.0,1724,,,,,,,,,7.3,,,,,,,,,,,,,,,,
304,san6-1_2.xlsx,2.FEB/san6-1_2.xlsx,label_and_round,106,San6,Sin stream-2,2023,2,1,0.5,2023.02.08,11:45,7.6,7.8,14.5,5.6,11.5,13.6,1590,11.325,,,,0.138,,,,8.0,,430000.0,,,37.0,,0.19033,0.25346,,,,0.03925,0.07895,0.15,,0.04114
305,san6-2_2.xlsx,2.FEB/san6-2_2.xlsx,label_and_round,107,San6,Sin stream-2,2023,2,2,0.5,2023.02.21,12:10,9.1,7.8,12.0,7.1,13.2,6.4,1776,,,,,,,,,9.0,,,,,,,,,,,,,,,,
306,san7-1_2.xlsx,2.FEB/san7-1_2.xlsx,label_and_round,100,San7,Pocheon stream,2023,2,1,0.5,2023.02.08,12:50,5.5,7.9,12.8,1.1,4.5,2.4,676,8.746,,,,0.05,,,,2.9,,40000.0,,,9.0,,0.05953,0.0278,,,,0.02277,0.04725,,,0.05251
307,san7-2_2.xlsx,2.FEB/san7-2_2.xlsx,label_and_round,101,San7,Pocheon stream,2023,2,2,0.5,2023.02.21,13:31,5.5,8.3,14.3,1.5,5.1,2.4,725,,,,,,,,,3.3,,,,,,,,,,,,,,,,
308,san8-1_2.xlsx,2.FEB/san8-1_2.xlsx,label_and_round,102,San8,Yeongpyeong stream,2023,2,1,0.5,2023.02.08,12:25,6.2,8.1,13.1,1.0,3.9,3.8,624,7.543,,,,0.038,,,,2.4,,53000.0,,,9.0,,0.06252,0.02781,,,,0.04159,0.04424,0.16,,0.0345
309,san8-2_2.xlsx,2.FEB/san8-2_2.xlsx,label_and_round,103,San8,Yeongpyeong stream,2023,2,2,0.5,2023.02.21,12:58,6.5,8.3,13.0,1.0,5.1,4.8,702,,,,,,,,,3.2,,,,,,,,,,,,,,,,
310,san9-1_2.xlsx,2.FEB/san9-1_2.xlsx,label_and_round,116,San9,Seung-gi stream,2023,2,1,0.5,2023.02.08,11:10,8.1,8.0,9.8,2.6,9.5,6.8,762,5.018,,,,0.18,,,,6.2,,570000.0,,,27.0,,0.08532,0.09399,,,,0.05491,0.02478,0.12,,0.02511
311,san9-2_2.xlsx,2.FEB/san9-2_2.xlsx,label_and_round,117,San9,Seung-gi stream,2023,2,2,0.5,2023.02.21,10:40,5.6,7.4,10.3,2.6,9.2,4.2,793,,,,,,,,,6.6,,,,,,,,,,,,,,,,
312,ha1-1_3.xlsx,3.MAR/ha1-1_3.xlsx,label_and_round,175,Ha1,Anseong stream3,2023,3,1,0.5,2023.03.02,11:50,7.8,7.6,11.2,2.6,8.1,14.6,638,6.063,5.834,2.86,1.682,0.235,0.191,0.097,20.5,4.7,,29000.0,480.0,,,,,,,,,,,,,
313,ha1-2_3.xlsx,3.MAR/ha1-2_3.xlsx,label_and_round,176,Ha1,Anseong stream3,2023,3,2,0.5,2023.03.09,11:18,12.9,7.8,10.2,2.7,8.8,22.0,636,6.343,6.26,2.378,2.508,0.271,0.196,0.137,8.5,5.0,,8200.0,16.0,,,,,,,,,,,,,
314,ha1-3_3.xlsx,3.MAR/ha1-3_3.xlsx,label_and_round,177,Ha1,Anseong stream3,2023,3,3,0.5,2023.03.15,11:02,12.3,7.8,10.6,2.9,8.9,8.2,669,6.409,6.188,2.44,1.43,0.188,0.136,0.102,31.0,6.1,,23000.0,280.0,,,,,,,,,,,,,
315,ha1-4_3.xlsx,3.MAR/ha1-4_3.xlsx,label_and_round,178,Ha1,Anseong stream3,2023,3,4,0.5,2023.03.21,13:40,14.0,7.7,9.8,2.5,8.9,13.4,686,5.224,5.032,2.822,1.453,0.199,0.111,0.065,16.6,4.9,,4000.0,120.0,,,,,,,,,,,,,
316,ha1-5_3.xlsx,3.MAR/ha1-5_3.xlsx,label_and_round,179,Ha1,Anseong stream3,2023,3,5,0.5,2023.03.27,11:28,13.2,8.0,10.9,1.9,10.5,17.6,686,5.035,4.7,2.742,1.496,0.255,0.138,0.091,38.1,7.2,,9800.0,230.0,,,,,,,,,,,,,
317,ha10_3.xlsx,3.MAR/ha10_3.xlsx,label_only,145,Ha10,Yeongdeungpo,2023,3,1,0.5,2023.03.16,11:18,8.4,7.8,12.2,1.5,5.9,8.6,318,4.759,4.69,2.8,1.27,0.044,0.013,,36.5,3.9,,20000.0,200.0,,,,,,,,,,,,,
318,ha11_3.xlsx,3.MAR/ha11_3.xlsx,label_only,146,Ha11,Kimpo,2023,3,1,0.5,2023.03.16,11:39,9.1,7.5,12.2,3.2,6.7,8.8,377,6.679,6.39,4.049,1.77,0.056,0.02,0.013,27.1,4.9,,12000.0,570.0,,,,,,,,,,,,,
319,ha12_3.xlsx,3.MAR/ha12_3.xlsx,label_only,147,Ha12,Paju,2023,3,1,0.5,2023.03.13,10:55,9.0,7.7,11.4,1.9,5.4,92.0,498,6.099,6.03,3.921,1.457,0.268,0.043,0.016,1.6,3.6,,15000.0,760.0,,,,,,,,,,,,,
320,ha13_3.xlsx,3.MAR/ha13_3.xlsx,label_only,139,Ha13,Dogok,2023,3,1,0.5,2023.03.16,11:05,7.8,8.5,12.3,1.1,4.0,7.6,227,2.48,2.314,1.912,0.07,0.037,0.018,,17.6,2.4,,5100.0,46.0,,,,,,,,,,,,,
321,ha14_3.xlsx,3.MAR/ha14_3.xlsx,label_only,140,Ha14,Guri,2023,3,1,0.5,2023.03.16,09:57,8.8,8.6,11.7,1.4,4.0,6.4,245,2.586,2.442,1.879,0.066,0.021,0.01,,21.4,2.5,,480.0,21.0,,,,,,,,,,,,,
322,ha15_3.xlsx,3.MAR/ha15_3.xlsx,label_only,141,Ha15,Amsa,2023,3,1,0.5,2023.03.16,10:02,8.1,8.6,12.1,1.1,4.1,6.4,236,2.581,2.481,1.967,0.065,0.047,0.025,,12.1,2.4,,600.0,16.0,,,,,,,,,,,,,
323,ha16_3.xlsx,3.MAR/ha16_3.xlsx,label_only,142,Ha16,Jamsil,2023,3,1,0.5,2023.03.16,10:15,8.3,8.4,11.8,0.6,4.1,6.4,251,2.722,2.627,2.119,0.104,0.058,0.031,,14.7,2.8,,940.0,22.0,,,,,,,,,,,,,
324,ha17_3.xlsx,3.MAR/ha17_3.xlsx,label_only,135,Ha17,Kyungan stream 3,2023,3,1,0.5,2023.03.20,11:18,11.3,7.6,10.6,1.1,5.0,9.2,436,2.962,2.856,1.683,0.524,0.126,0.101,0.07,4.7,2.6,,4400.0,66.0,,,,,,,,,,,,,
325,ha18_3.xlsx,3.MAR/ha18_3.xlsx,label_only,136,Ha18,Kyungan stream 5,2023,3,1,0.5,2023.03.20,10:55,10.9,7.7,10.8,1.0,5.6,3.4,485,3.593,3.582,2.564,0.189,0.075,0.053,0.017,9.2,3.5,,70000.0,7400.0,,,,,,,,,,,,,
326,ha19_3.xlsx,3.MAR/ha19_3.xlsx,label_only,137,Ha19,Kyungan stream 7,2023,3,1,0.5,2023.03.20,10:32,10.7,7.7,11.3,1.4,6.8,9.6,514,3.592,3.539,2.813,0.181,0.099,0.072,0.014,26.7,3.7,,56000.0,480.0,,,,,,,,,,,,,
327,ha2-1_3.xlsx,3.MAR/ha2-1_3.xlsx,label_and_round,138,Ha2,Kyungan stream11,2023,3,1,0.5,2023.03.20,10:00,10.8,8.7,13.4,2.8,7.8,14.4,451,3.413,3.273,2.642,0.049,0.047,0.018,0.014,27.1,3.8,,400.0,23.0,,,,,,,,,,,,,
328,ha21_3.xlsx,3.MAR/ha21_3.xlsx,label_only,134,Ha21,Kyungan stream 2,2023,3,1,0.5,2023.03.20,11:42,8.4,8.0,13.2,1.0,4.8,9.4,319,3.414,3.381,2.104,0.661,0.165,0.155,0.12,6.3,2.2,,66000.0,5800.0,,,,,,,,,,,,,
329,ha23_3.xlsx,3.MAR/ha23_3.xlsx,label_only,148,Ha23,Hantangang2,2023,3,1,0.5,2023.03.13,13:46,7.7,7.9,12.3,1.2,4.0,3.6,450,4.434,4.411,3.087,0.782,0.026,0.017,0.016,3.1,2.6,,8600.0,140.0,,,,,,,,,,,,,
330,ha24_3.xlsx,3.MAR/ha24_3.xlsx,label_only,149,Ha24,Hantangang3,2023,3,1,0.5,2023.03.13,13:31,9.1,7.7,11.5,1.3,4.3,3.8,493,4.245,4.15,2.916,0.623,0.031,0.022,0.017,3.3,2.7,,6000.0,740.0,,,,,,,,,,,,,
331,ha25_3.xlsx,3.MAR/ha25_3.xlsx,label_only,150,Ha25,Hantangang4,2023,3,1,0.5,2023.03.13,11:17,9.5,7.6,12.2,1.3,3.9,3.8,480,4.392,4.23,3.221,0.494,0.034,0.014,0.006,3.2,2.6,,7700.0,320.0,,,,,,,,,,,,,
332,ha26_3.xlsx,3.MAR/ha26_3.xlsx,label_only,151,Ha26,Nam-i island,2023,3,1,0.5,2023.03.23,10:40,12.5,8.0,10.5,0.9,2.7,1.8,107,1.54,1.461,1.346,0.06,0.007,0.006,,2.1,1.5,,54.0,0.0,,,,,,,,,,,,,
333,ha4-1_3.xlsx,3.MAR/ha4-1_3.xlsx,label_and_round,170,Ha4,Gayang,2023,3,1,0.5,2023.03.02,10:43,6.6,7.9,12.2,1.4,6.4,17.0,338,5.376,4.755,3.297,1.053,0.055,0.032,,33.1,3.9,,2000.0,25.0,,,,,,,,,,,,,
334,ha4-2_3.xlsx,3.MAR/ha4-2_3.xlsx,label_and_round,171,Ha4,Gayang,2023,3,2,0.5,2023.03.06,10:45,9.0,8.1,13.5,1.3,6.5,12.0,354,5.123,4.807,2.74,1.043,0.048,0.013,,32.6,3.1,,4200.0,60.0,,,,,,,,,,,,,
335,ha4-3_3.xlsx,3.MAR/ha4-3_3.xlsx,label_and_round,172,Ha4,Gayang,2023,3,3,0.5,2023.03.16,11:27,8.2,8.0,12.6,1.4,6.0,9.2,314,4.764,4.456,2.869,1.096,0.045,0.014,,48.0,3.9,,2000.0,100.0,,,,,,,,,,,,,
336,ha4-4_3.xlsx,3.MAR/ha4-4_3.xlsx,label_and_round,173,Ha4,Gayang,2023,3,4,0.5,2023.03.21,10:50,11.4,8.2,13.1,2.2,6.3,9.4,335,4.267,4.185,2.741,0.689,0.043,0.012,0.006,29.5,3.6,,5800.0,92.0,,,,,,,,,,,,,
337,ha4-5_3.xlsx,3.MAR/ha4-5_3.xlsx,label_and_round,174,Ha4,Gayang,2023,3,5,0.5,2023.03.27,10:55,12.9,8.1,12.1,1.2,6.3,6.8,355,4.522,4.455,3.065,0.702,0.039,0.015,,5.8,3.6,,2000.0,46.0,,,,,,,,,,,,,
338,ha5_3.xlsx,3.MAR/ha5_3.xlsx,label_only,189,Ha5,Ara stream 1,2023,3,1,0.5,2023.03.09,12:08,9.4,7.5,10.5,2.9,5.5,13.4,17261,4.54,4.491,2.282,0.892,0.099,0.047,0.011,9.1,4.0,,12000.0,460.0,,,,,,,,,,,,,
339,ha6_3.xlsx,3.MAR/ha6_3.xlsx,label_only,191,Ha6,Ara stream 2,2023,3,1,0.5,2023.03.09,12:33,9.2,7.8,10.8,1.5,4.6,12.4,18053,4.418,4.363,2.35,0.779,0.043,0.032,,5.9,3.7,,2200.0,13.0,,,,,,,,,,,,,
340,ha7_3.xlsx,3.MAR/ha7_3.xlsx,label_only,161,Ha7,seonhaeng stream,2023,3,1,0.5,2023.03.02,13:35,8.4,7.3,13.5,1.5,4.3,3.8,357,4.113,3.846,2.876,0.397,0.199,0.18,0.167,7.5,2.4,,2600000.0,680.0,,,,,,,,,,,,,
341,ha8_3.xlsx,3.MAR/ha8_3.xlsx,label_only,143,Ha8,Ttukdo,2023,3,1,0.5,2023.03.16,10:43,8.8,8.2,11.8,1.3,4.6,5.2,296,3.496,3.31,2.351,0.372,0.029,0.011,0.009,15.7,3.1,,55000.0,4900.0,,,,,,,,,,,,,
342,ha9_3.xlsx,3.MAR/ha9_3.xlsx,label_only,144,Ha9,Bogwang,2023,3,1,0.5,2023.03.16,10:49,8.8,7.9,11.7,1.5,5.0,5.6,309,4.27,4.055,2.66,0.77,0.035,0.017,,20.5,3.1,,44000.0,4000.0,,,,,,,,,,,,,
343,ho1_3.xlsx,3.MAR/ho1_3.xlsx,label_only,169,Ho1,Nam-yang lake 3,2023,3,1,0.5,2023.03.06,13:20,10.7,7.6,8.9,2.5,9.6,10.0,862,10.071,9.978,1.895,7.037,0.268,0.148,0.106,8.9,5.8,,41000.0,7600.0,,,,,,,,,,,,,
344,ho3_3.xlsx,3.MAR/ho3_3.xlsx,label_only,168,Ho3,Asan lake 3,2023,3,11,0.0,2023.03.20,11:30,12.2,8.4,11.1,2.2,8.6,5.8,1126,6.825,6.719,3.851,1.74,0.107,0.095,0.016,4.4,5.6,0.8,1000.0,12.0,,,,,,,,,,,,,
345,san1-1_3.xlsx,3.MAR/san1-1_3.xlsx,label_and_round,206,San1,Jang-an stream,2023,3,1,0.5,2023.03.09,10:54,13.2,7.7,8.5,3.5,19.4,10.4,518,7.268,,,,0.586,,,,15.4,,430000.0,,,,,0.07805,0.09339,,,,,0.0164,0.13,,0.02565
346,san1-2_3.xlsx,3.MAR/san1-2_3.xlsx,label_and_round,207,San1,Jang-an stream,2023,3,2,0.5,2023.03.21,14:15,15.0,7.8,9.5,6.0,13.7,22.1,564,,,,,,,,,7.5,,,,,,,,,,,,,,,,
347,san10-1_3.xlsx,3.MAR/san10-1_3.xlsx,label_and_round,214,San10,Okgu stream,2023,3,1,0.5,2023.03.09,12:42,11.3,7.4,7.5,12.9,20.1,11.8,4111,8.587,,,,0.128,,,,26.4,,620000.0,,,22.0,0.9,0.27621,0.01885,,,,0.0172,0.38433,0.35,,0.04257
348,san10-2_3.xlsx,3.MAR/san10-2_3.xlsx,label_and_round,215,San10,Okgu stream,2023,3,2,0.5,2023.03.22,11:30,13.3,7.9,11.4,15.5,15.0,14.9,5790,,,,,,,,,10.1,,,,,,,,,,,,,,,,
349,san11-1_3.xlsx,3.MAR/san11-1_3.xlsx,label_and_round,216,San11,Gunja stream,2023,3,1,0.5,2023.03.09,12:50,10.9,7.3,9.2,10.0,16.6,15.5,5554,6.976,,,,0.156,,,,14.0,,1100000.0,,,20.0,0.8,1.18872,0.09202,,,0.0247,0.01636,0.41159,0.45,0.05789,0.0387
350,san11-2_3.xlsx,3.MAR/san11-2_3.xlsx,label_and_round,217,San11,Gunja stream,2023,3,2,0.5,2023.03.22,12:23,14.6,8.1,12.6,11.7,16.0,10.6,5138,,,,,,,,,9.7,,,,,,,,,,,,,,,,
351,san12-1_3.xlsx,3.MAR/san12-1_3.xlsx,label_and_round,218,San12,Jeongwang stream,2023,3,1,0.5,2023.03.09,12:59,10.7,7.8,8.5,5.1,11.7,13.8,10784,8.136,,,,0.232,,,,9.3,,70000.0,,,15.0,0.6,0.33662,0.01878,,,,,,0.43,,
352,san12-2_3.xlsx,3.MAR/san12-2_3.xlsx,label_and_round,219,San12,Jeongwang stream,2023,3,2,0.5,2023.03.22,12:34,14.3,8.1,12.3,7.0,10.7,8.2,6821,,,,,,,,,7.5,,,,,,,,,,0.044,0.056,0.03219,0.33949,,0.01703,0.04204
353,san13-1_3.xlsx,3.MAR/san13-1_3.xlsx,label_and_round,220,San13,Je4ganseon-sulo,2023,3,1,0.5,2023.03.09,13:11,10.9,7.4,6.9,9.5,15.0,30.6,5315,5.091,,,,0.221,,,,9.4,,1400000.0,,,24.0,,0.36387,0.02637,,,0.1232,0.0988,0.15828,0.34,0.10121,0.04502
354,san13-2_3.xlsx,3.MAR/san13-2_3.xlsx,label_and_round,221,San13,Je4ganseon-sulo,2023,3,2,0.5,2023.03.22,12:42,14.2,7.9,10.1,4.6,7.4,3.0,2932,,,,,,,,,5.0,,,,,,,,,,,,,,,,
355,san14-1_3.xlsx,3.MAR/san14-1_3.xlsx,label_and_round,212,San14,Shingil stream,2023,3,1,0.5,2023.03.09,13:23,12.4,7.5,5.2,15.5,27.8,22.5,1981,6.013,,,,0.476,,,,19.4,,660000.0,,,37.0,0.7,0.66549,0.18091,,,0.0322,0.09191,0.06013,,0.06073,0.05152
356,san14-2_3.xlsx,3.MAR/san14-2_3.xlsx,label_and_round,213,San14,Shingil stream,2023,3,2,0.5,2023.03.22,12:52,17.8,7.4,3.0,13.7,17.1,9.0,3237,,,,,,,,,10.9,,,,,,,,,,,,,,0.35,,
357,san15-1_3.xlsx,3.MAR/san15-1_3.xlsx,label_and_round,210,San15,Banwol stream,2023,3,1,0.5,2023.03.06,11:09,8.3,7.8,12.2,1.5,5.9,4.4,1032,4.981,,,,0.088,,,,3.4,,330000.0,,,25.0,,0.23364,0.1574,,,,0.01687,0.009,0.12,,0.06159
358,san15-2_3.xlsx,3.MAR/san15-2_3.xlsx,label_and_round,211,San15,Banwol stream,2023,3,2,0.5,2023.03.21,11:10,12.3,7.7,11.6,2.0,6.4,8.0,1159,,,,,,,,,3.6,,,,,,,,,,,,,,,,
359,san16-1_3.xlsx,3.MAR/san16-1_3.xlsx,label_and_round,222,San16,Gumun stream,2023,3,1,0.5,2023.03.06,13:13,11.3,7.5,10.4,2.1,7.2,7.8,1144,7.14,,,,0.124,,,,5.0,,59000.0,,,,,0.53875,0.18341,,,,0.00842,0.00864,0.12,,0.06229
360,san16-2_3.xlsx,3.MAR/san16-2_3.xlsx,label_and_round,223,San16,Gumun stream,2023,3,2,0.5,2023.03.21,12:37,12.9,7.5,10.3,3.1,6.7,4.0,1042,,,,,,,,,4.3,,,,,,,,,,,,,,,,
361,san17-1_3.xlsx,3.MAR/san17-1_3.xlsx,label_and_round,224,San17,Wonjeongli-sulo,2023,3,1,0.5,2023.03.06,13:57,16.0,8.5,16.2,6.5,17.8,38.2,5424,7.416,,,,0.741,,,,7.8,,66000.0,,,,,0.08486,0.02813,,,0.0138,0.02669,0.03215,0.97,0.06559,0.01326
362,san17-2_3.xlsx,3.MAR/san17-2_3.xlsx,label_and_round,225,San17,Wonjeongli-sulo,2023,3,2,0.5,2023.03.21,13:05,16.9,8.7,17.6,5.2,21.5,25.2,6135,,,,,,,,,12.1,,,,,,,,,,,,,,,,
363,san2-1_3.xlsx,3.MAR/san2-1_3.xlsx,label_and_round,204,San2,Cheonglyong stream,2023,3,1,0.5,2023.03.09,12:57,16.5,8.3,13.9,5.8,9.2,10.0,1854,6.64,,,,0.161,,,,6.1,,200000.0,,,18.0,,0.14865,0.19636,,,,,0.0361,0.25,,0.04601
364,san2-2_3.xlsx,3.MAR/san2-2_3.xlsx,label_and_round,205,San2,Cheonglyong stream,2023,3,2,0.5,2023.03.21,13:00,17.6,7.7,12.0,1.7,7.6,6.4,2383,,,,,,,,,4.8,,,,,,,,,,,,,,,,
365,san3-1_3.xlsx,3.MAR/san3-1_3.xlsx,label_and_round,202,San3,Geonji stream,2023,3,1,0.5,2023.03.09,13:18,15.6,7.9,10.5,2.1,5.4,4.2,863,6.009,,,,0.221,,,,4.0,,66000.0,,,,0.7,0.01174,0.08538,,,,,0.016,0.46,,0.0248
366,san3-2_3.xlsx,3.MAR/san3-2_3.xlsx,label_and_round,203,San3,Geonji stream,2023,3,2,0.5,2023.03.21,11:10,13.8,7.5,9.1,2.1,6.3,5.4,931,,,,,,,,,3.6,,,,,,,,,,,,,,,,
367,san4-1_3.xlsx,3.MAR/san4-1_3.xlsx,label_and_round,200,San4,Man-u stream,2023,3,1,0.5,2023.03.06,11:20,21.1,7.5,9.1,1.6,5.5,2.6,1294,5.382,,,,0.023,,,,3.8,,6000.0,,,,,0.05101,0.01247,,,,0.04219,0.0128,10.06,0.0555,0.00864
368,san4-2_3.xlsx,3.MAR/san4-2_3.xlsx,label_and_round,201,San4,Man-u stream,2023,3,2,0.5,2023.03.21,11:30,23.2,7.1,8.6,2.4,9.0,3.2,1271,,,,,,,,,5.4,,,,,,,,,,,,,,,,
369,san5-1_3.xlsx,3.MAR/san5-1_3.xlsx,label_and_round,196,San5,Sin stream-1,2023,3,1,0.5,2023.03.14,13:15,10.1,7.6,11.1,8.1,13.0,7.6,1173,5.954,,,,0.142,,,,7.2,,130000.0,,,17.0,,0.28303,0.08877,,,,,0.03762,0.15,,0.05425
370,san5-2_3.xlsx,3.MAR/san5-2_3.xlsx,label_and_round,197,San5,Sin stream-1,2023,3,2,0.5,2023.03.22,10:37,12.2,7.5,8.5,7.9,15.2,23.9,2044,,,,,,,,,8.4,,,,,,,,,,,,,,,,
371,san6-1_3.xlsx,3.MAR/san6-1_3.xlsx,label_and_round,198,San6,Sin stream-2,2023,3,1,0.5,2023.03.14,11:55,10.7,7.6,10.9,8.6,11.6,19.4,1400,9.672,,,,0.166,,,,7.6,,510000.0,,,34.0,,0.21604,0.18532,,,,,0.03768,0.16,,0.04134
372,san6-2_3.xlsx,3.MAR/san6-2_3.xlsx,label_and_round,199,San6,Sin stream-2,2023,3,2,0.5,2023.03.22,12:51,16.3,7.6,9.6,4.4,11.5,13.0,1669,,,,,,,,,8.0,,,,,,,,,,,,,,,,
373,san7-1_3.xlsx,3.MAR/san7-1_3.xlsx,label_and_round,192,San7,Pocheon stream,2023,3,1,0.5,2023.03.14,10:45,10.3,7.5,10.1,4.0,7.8,3.4,1601,5.935,,,,0.051,,,,5.4,,210000.0,,,28.0,,0.09658,0.03131,,,,,0.04886,0.11,,0.03329
374,san7-2_3.xlsx,3.MAR/san7-2_3.xlsx,label_and_round,193,San7,Pocheon stream,2023,3,2,0.5,2023.03.22,11:23,14.8,8.5,12.9,2.0,7.8,12.6,897,,,,,,,,,5.1,,,,,,,,,,,,,,,,
375,san8-1_3.xlsx,3.MAR/san8-1_3.xlsx,label_and_round,194,San8,Yeongpyeong stream,2023,3,1,0.5,2023.03.14,11:00,9.3,7.8,11.5,1.9,4.9,8.0,670,5.076,,,,0.044,,,,3.3,,130000.0,,,6.0,0.6,0.06255,0.04724,,,,,0.01842,0.16,,0.05555
376,san8-2_3.xlsx,3.MAR/san8-2_3.xlsx,label_and_round,195,San8,Yeongpyeong stream,2023,3,2,0.5,2023.03.22,11:48,14.5,8.2,11.2,1.0,5.3,4.6,800,,,,,,,,,3.4,,,,,,,,,,,,,,,,
377,san9-1_3.xlsx,3.MAR/san9-1_3.xlsx,label_and_round,208,San9,Seung-gi stream,2023,3,1,0.5,2023.03.09,11:09,12.7,7.0,3.7,10.8,21.0,52.8,1002,10.955,,,,0.568,,,,23.2,,7800000.0,,,52.0,2.3,0.19852,0.06886,,,,0.01229,0.05937,0.13,0.15939,0.03588
378,san9-2_3.xlsx,3.MAR/san9-2_3.xlsx,label_and_round,209,San9,Seung-gi stream,2023,3,2,0.5,2023.03.22,10:55,14.1,7.1,6.7,2.0,9.1,2.4,817,,,,,,,,,6.0,,,,,,,,,,,,,,,,
379,ha1-1_4.xlsx,4.APR/ha1-1_4.xlsx,label_and_round,266,Ha1,Anseong stream3,2023,4,1,0.5,2023.04.03,11:24,15.8,8.9,12.7,4.1,14.9,15.8,695,4.248,3.642,1.963,0.341,0.258,0.068,0.02,147.6,5.9,,9800.0,310.0,,,,,,,,,,,,,
380,ha1-2_4.xlsx,4.APR/ha1-2_4.xlsx,label_and_round,267,Ha1,Anseong stream3,2023,4,2,0.5,2023.04.12,11:16,15.0,8.9,11.7,8.8,16.0,30.2,601,4.255,3.72,2.328,0.322,0.186,0.087,0.065,102.6,6.3,,2600.0,110.0,,,,,,,,,,,,,
381,ha1-3_4.xlsx,4.APR/ha1-3_4.xlsx,label_and_round,268,Ha1,Anseong stream3,2023,4,3,0.5,2023.04.19,15:30,21.4,9.3,12.0,10.9,19.1,28.1,698,4.22,3.671,2.185,0.184,0.237,0.077,0.018,127.6,7.7,,5000.0,230.0,,,,,,,,,,,,,
382,ha1-4_4.xlsx,4.APR/ha1-4_4.xlsx,label_and_round,269,Ha1,Anseong stream3,2023,4,4,0.5,2023.04.24,12:10,18.3,8.5,11.1,7.8,15.3,29.4,703,3.695,3.224,1.899,0.501,0.189,0.094,0.072,44.1,6.5,,72000.0,840.0,,,,,,,,,,,,,
383,ha10_4.xlsx,4.APR/ha10_4.xlsx,label_only,237,Ha10,Yeongdeungpo,2023,4,1,0.5,2023.04.13,11:35,13.9,8.1,11.6,1.9,5.8,6.0,278,3.331,3.229,2.472,0.275,0.047,0.019,,33.4,2.7,,8000.0,300.0,,,,,,,,,,,,,
384,ha11_4.xlsx,4.APR/ha11_4.xlsx,label_only,238,Ha11,Kimpo,2023,4,1,0.5,2023.04.13,12:00,13.7,7.5,11.1,3.0,6.6,10.4,321,4.546,4.267,3.378,0.345,0.068,0.04,0.021,19.0,3.0,,10000.0,280.0,,,,,,,,,,,,,
385,ha12_4.xlsx,4.APR/ha12_4.xlsx,label_only,239,Ha12,Paju,2023,4,1,0.5,2023.04.10,11:00,14.0,7.4,8.8,1.9,5.9,61.4,945,5.093,4.984,3.091,1.19,0.128,0.056,0.034,2.3,2.8,,21000.0,4100.0,,,,,,,,,,,,,
386,ha13_4.xlsx,4.APR/ha13_4.xlsx,label_only,231,Ha13,Dogok,2023,4,1,0.5,2023.04.13,11:10,13.4,8.0,10.9,1.4,3.8,3.6,217,2.016,1.972,1.627,0.037,0.019,0.008,,3.7,2.0,,1200.0,21.0,,,,,,,,,,,,,
387,ha14_4.xlsx,4.APR/ha14_4.xlsx,label_only,232,Ha14,Guri,2023,4,1,0.5,2023.04.13,10:00,13.2,7.9,10.7,1.3,3.7,4.6,228,2.034,1.992,1.63,0.04,0.019,0.007,,7.5,1.8,,590.0,18.0,,,,,,,,,,,,,
388,ha15_4.xlsx,4.APR/ha15_4.xlsx,label_only,233,Ha15,Amsa,2023,4,1,0.5,2023.04.13,10:10,13.3,8.0,10.8,1.3,3.9,1.8,217,1.99,1.971,1.748,0.033,0.017,0.008,,3.5,2.0,,570.0,12.0,,,,,,,,,,,,,
389,ha16_4.xlsx,4.APR/ha16_4.xlsx,label_only,234,Ha16,Jamsil,2023,4,1,0.5,2023.04.13,10:20,13.2,7.9,10.6,1.1,3.7,4.0,221,2.083,2.053,1.681,0.057,0.017,0.007,,4.4,1.8,,640.0,46.0,,,,,,,,,,,,,
390,ha17_4.xlsx,4.APR/ha17_4.xlsx,label_only,227,Ha17,Kyungan stream 3,2023,4,1,0.5,2023.04.19,14:12,19.0,8.3,10.9,2.3,5.4,3.4,414,2.191,2.182,1.376,0.347,0.1,0.067,0.044,5.3,3.1,,4400.0,560.0,,,,,,,,,,,,,
391,ha18_4.xlsx,4.APR/ha18_4.xlsx,label_only,228,Ha18,Kyungan stream 5,2023,4,1,0.5,2023.04.19,13:47,20.3,8.0,10.6,1.9,5.7,3.0,453,2.997,2.95,2.304,0.097,0.068,0.046,0.028,5.4,3.6,,42000.0,180.0,,,,,,,,,,,,,
392,ha19_4.xlsx,4.APR/ha19_4.xlsx,label_only,229,Ha19,Kyungan stream 7,2023,4,1,0.5,2023.04.19,11:29,18.2,8.0,10.5,2.7,6.6,4.0,463,2.871,2.834,2.114,0.252,0.051,0.019,0.005,29.4,3.7,,26000.0,820.0,,,,,,,,,,,,,
393,ha2-1_4.xlsx,4.APR/ha2-1_4.xlsx,label_and_round,230,Ha2,Kyungan stream11,2023,4,1,0.5,2023.04.19,10:20,15.9,8.5,11.1,2.6,5.9,12.0,405,2.391,2.233,1.866,0.035,0.045,0.012,,23.6,3.3,,1300.0,42.0,,,,,,,,,,,,,
394,ha21_4.xlsx,4.APR/ha21_4.xlsx,label_only,226,Ha21,Kyungan stream 2,2023,4,1,0.5,2023.04.19,14:36,22.1,9.4,12.2,2.4,4.5,28.4,305,1.945,1.864,1.455,0.093,0.107,0.085,0.068,7.9,2.8,,22000.0,9.0,,,,,,,,,,,,,
395,ha23_4.xlsx,4.APR/ha23_4.xlsx,label_only,240,Ha23,Hantangang2,2023,4,1,0.5,2023.04.25,12:00,14.7,7.9,10.1,1.5,3.9,2.4,268,2.868,2.773,2.442,0.035,0.046,0.032,0.009,5.7,2.2,,11000.0,130.0,,,,,,,,,,,,,
396,ha24_4.xlsx,4.APR/ha24_4.xlsx,label_only,241,Ha24,Hantangang3,2023,4,1,0.5,2023.04.25,12:10,14.6,8.0,10.1,1.7,4.4,5.6,325,2.703,2.69,2.32,0.011,0.04,0.019,0.006,6.8,2.2,,11000.0,24.0,,,,,,,,,,,,,
397,ha25_4.xlsx,4.APR/ha25_4.xlsx,label_only,242,Ha25,Hantangang4,2023,4,1,0.5,2023.04.25,11:05,15.5,8.5,11.5,1.7,4.4,5.0,299,2.717,2.669,2.291,,0.024,0.024,0.005,7.1,2.5,,14000.0,250.0,,,,,,,,,,,,,
398,ha26_4.xlsx,4.APR/ha26_4.xlsx,label_only,243,Ha26,Nam-i island,2023,4,1,0.5,2023.04.10,10:35,12.6,7.9,10.6,0.9,2.9,1.6,109,1.674,1.672,1.488,0.049,0.009,0.006,,2.8,1.5,,780.0,45.0,,,,,,,,,,,,,
399,ha3-1_4.xlsx,4.APR/ha3-1_4.xlsx,label_and_round,279,Ha3,Imjin stream 2,2023,4,1,0.5,2023.04.25,12:25,14.4,7.9,10.7,1.5,3.0,2.6,125,1.031,0.946,0.816,,0.039,0.011,,2.1,1.4,,1100.0,7.0,,,,,,,,,,,,,
400,ha4-1_4.xlsx,4.APR/ha4-1_4.xlsx,label_and_round,262,Ha4,Gayang,2023,4,1,0.5,2023.04.06,10:33,14.1,7.8,10.1,2.2,5.8,13.0,341,4.522,4.483,2.387,0.907,0.062,0.029,0.009,13.6,3.3,,480000.0,46000.0,,,,,,,,,,,,,
401,ha4-2_4.xlsx,4.APR/ha4-2_4.xlsx,label_and_round,263,Ha4,Gayang,2023,4,2,0.5,2023.04.13,11:45,13.1,7.9,11.2,3.5,6.0,10.8,282,3.291,3.262,2.574,0.263,0.043,0.014,0.013,17.9,2.8,,2600.0,200.0,,,,,,,,,,,,,
402,ha4-3_4.xlsx,4.APR/ha4-3_4.xlsx,label_and_round,264,Ha4,Gayang,2023,4,3,0.5,2023.04.17,11:01,15.9,8.2,10.7,2.4,6.2,13.6,313,3.565,3.299,2.729,0.348,0.061,0.026,0.005,15.1,3.4,,7400.0,520.0,,,,,,,,,,,,,
403,ha4-4_4.xlsx,4.APR/ha4-4_4.xlsx,label_and_round,265,Ha4,Gayang,2023,4,4,0.5,2023.04.24,10:42,16.6,7.9,10.9,3.8,6.4,15.2,292,3.422,3.323,2.737,0.187,0.075,0.009,0.005,27.7,2.5,,2600.0,18.0,,,,,,,,,,,,,
404,ha5_4.xlsx,4.APR/ha5_4.xlsx,label_only,278,Ha5,Ara stream 1,2023,4,1,0.5,2023.04.04,11:25,15.9,7.7,11.0,2.3,5.9,10.0,17788,3.711,3.61,2.32,0.431,0.05,0.026,,5.2,3.7,,1800.0,240.0,,,,,,,,,,,,,
405,ha6_4.xlsx,4.APR/ha6_4.xlsx,label_only,280,Ha6,Ara stream 2,2023,4,1,0.5,2023.04.04,13:15,16.7,8.3,11.9,2.5,6.2,12.0,20074,3.667,3.512,2.321,0.29,0.037,0.022,,14.0,3.9,,430.0,40.0,,,,,,,,,,,,,
406,ha7_4.xlsx,4.APR/ha7_4.xlsx,label_only,253,Ha7,seonhaeng stream,2023,4,1,0.5,2023.04.03,14:00,21.4,8.9,11.4,2.6,9.3,5.8,702,3.319,3.048,2.411,0.094,0.191,0.147,0.109,29.7,3.9,,580000.0,8400.0,,,,,,,,,,,,,
407,ha8_4.xlsx,4.APR/ha8_4.xlsx,label_only,235,Ha8,Ttukdo,2023,4,1,0.5,2023.04.13,10:55,13.7,7.8,10.8,1.5,4.3,4.2,235,2.424,2.314,1.889,0.099,0.033,0.023,0.022,3.7,2.0,,24000.0,1100.0,,,,,,,,,,,,,
408,ha9_4.xlsx,4.APR/ha9_4.xlsx,label_only,236,Ha9,Bogwang,2023,4,1,0.5,2023.04.13,11:04,13.6,7.4,10.3,2.3,5.1,7.2,286,4.031,3.938,2.726,0.648,0.055,0.043,0.032,5.2,2.4,,120000.0,5700.0,,,,,,,,,,,,,
409,ho1_4.xlsx,4.APR/ho1_4.xlsx,label_only,261,Ho1,Nam-yang lake 3,2023,4,1,0.5,2023.04.03,12:10,17.9,7.7,8.7,5.5,10.7,11.0,929,10.885,10.687,1.881,7.759,0.247,0.181,0.114,6.0,6.6,,84000.0,9000.0,,,,,,,,,,,,,
410,ho3_4.xlsx,4.APR/ho3_4.xlsx,label_only,260,Ho3,Asan lake 3,2023,4,11,1.0,2023.04.12,11:51,14.4,7.8,8.7,3.0,8.9,13.0,1193,6.825,6.644,3.511,2.034,0.094,0.055,0.024,5.4,5.3,0.6,16000.0,8.0,,,,,,,,,,,,,
411,san1-1_4.xlsx,4.APR/san1-1_4.xlsx,label_and_round,295,San1,Jang-an stream,2023,4,1,0.5,2023.04.03,11:00,14.5,7.9,9.9,8.1,21.1,22.0,552,7.485,,,,0.857,,,,11.0,,540000.0,,,,0.7,0.12022,0.14273,,,,,0.01624,0.15,,0.01823
412,san1-2_4.xlsx,4.APR/san1-2_4.xlsx,label_and_round,296,San1,Jang-an stream,2023,4,2,0.5,2023.04.27,13:45,17.8,7.8,9.2,6.1,9.8,8.4,402,,,,,,,,,5.8,,,,,,,,,,,,,,,,
413,san10-1_4.xlsx,4.APR/san10-1_4.xlsx,label_and_round,303,San10,Okgu stream,2023,4,1,0.5,2023.04.06,14:20,12.8,7.5,7.9,6.9,7.9,5.2,1482,3.609,,,,0.132,,,,10.7,,940000.0,,,16.0,0.5,0.27015,0.07284,,,,0.01095,0.13406,0.26,,0.05289
414,san10-2_4.xlsx,4.APR/san10-2_4.xlsx,label_and_round,304,San10,Okgu stream,2023,4,2,0.5,2023.04.19,12:17,20.2,8.4,12.1,4.1,7.5,5.6,2319,,,,,,,,,5.4,,,,,,,,,,,,,,,,
415,san11-1_4.xlsx,4.APR/san11-1_4.xlsx,label_and_round,305,San11,Gunja stream,2023,4,1,0.5,2023.04.06,14:30,11.9,7.2,8.3,6.5,9.6,7.6,2590,4.852,,,,0.148,,,,6.6,,1000000.0,,,16.0,,0.89651,0.05981,,,0.0293,0.01436,0.19126,0.36,0.05884,0.04834
416,san11-2_4.xlsx,4.APR/san11-2_4.xlsx,label_and_round,306,San11,Gunja stream,2023,4,2,0.5,2023.04.19,12:25,19.6,8.9,16.7,1.8,8.0,17.6,6230,,,,,,,,,5.0,,,,,,,,,,,,,,,,
417,san12-1_4.xlsx,4.APR/san12-1_4.xlsx,label_and_round,307,San12,Jeongwang stream,2023,4,1,0.5,2023.04.06,14:40,11.2,7.3,7.3,5.7,8.5,6.4,1855,7.004,,,,0.155,,,,6.3,,3300000.0,,,10.0,,0.26848,0.06754,,,0.029,0.0246,0.19315,0.28,,0.05108
418,san12-2_4.xlsx,4.APR/san12-2_4.xlsx,label_and_round,308,San12,Jeongwang stream,2023,4,2,0.5,2023.04.19,12:34,19.0,8.9,16.0,2.4,6.0,4.0,6547,,,,,,,,,4.9,,,,,,,,,,,,,,,,
419,san13-1_4.xlsx,4.APR/san13-1_4.xlsx,label_and_round,309,San13,Je4ganseon-sulo,2023,4,1,0.5,2023.04.06,14:50,12.9,7.3,7.1,9.3,14.3,11.8,1511,5.465,,,,0.191,,,,9.1,,2400000.0,,,10.0,,0.2893,0.04715,,,0.0542,0.07372,0.18131,0.36,0.07274,0.06395
420,san13-2_4.xlsx,4.APR/san13-2_4.xlsx,label_and_round,310,San13,Je4ganseon-sulo,2023,4,2,0.5,2023.04.19,12:41,18.8,7.9,9.0,4.2,9.7,18.0,3436,,,,,,,,,6.2,,,,,,,,,,,,,,,,
421,san14-1_4.xlsx,4.APR/san14-1_4.xlsx,label_and_round,301,San14,Shingil stream,2023,4,1,0.5,2023.04.06,15:00,12.8,7.9,5.1,10.0,19.5,10.2,2189,7.573,,,,0.262,,,,15.8,,540000.0,,,39.0,,0.45842,0.31644,,,0.0283,0.12165,0.10286,0.46,0.0444,0.065
422,san14-2_4.xlsx,4.APR/san14-2_4.xlsx,label_and_round,302,San14,Shingil stream,2023,4,2,0.5,2023.04.19,12:49,22.5,7.4,3.8,10.4,17.2,6.2,2739,,,,,,,,,13.5,,,,,,,,,,,,,,,,
423,san15-1_4.xlsx,4.APR/san15-1_4.xlsx,label_and_round,299,San15,Banwol stream,2023,4,1,0.5,2023.04.03,13:35,17.7,8.8,14.3,2.0,7.9,7.2,1428,2.234,,,,0.12,,,,4.2,,100000.0,,,18.0,,0.28849,0.13495,,,,,0.01117,0.14,,0.06719
424,san15-2_4.xlsx,4.APR/san15-2_4.xlsx,label_and_round,300,San15,Banwol stream,2023,4,2,0.5,2023.04.18,15:00,16.4,8.1,13.5,3.3,8.6,8.8,1163,,,,,,,,,5.7,,,,,,,,,,,,,,,,
425,san16-1_4.xlsx,4.APR/san16-1_4.xlsx,label_and_round,311,San16,Gumun stream,2023,4,1,0.5,2023.04.03,12:30,15.2,7.5,9.2,3.0,7.6,5.0,1088,8.005,,,,0.111,,,,5.1,,150000.0,,,,,0.27188,0.17127,,,,,0.0293,0.13,,0.0544
426,san16-2_4.xlsx,4.APR/san16-2_4.xlsx,label_and_round,312,San16,Gumun stream,2023,4,2,0.5,2023.04.18,11:40,15.0,7.6,8.5,7.3,13.4,10.2,1358,,,,,,,,,9.0,,,,,,,,,,,,,,,,
427,san17-1_4.xlsx,4.APR/san17-1_4.xlsx,label_and_round,313,San17,Wonjeongli-sulo,2023,4,1,0.5,2023.04.03,11:20,17.9,8.9,14.9,15.6,25.1,27.6,4938,5.867,,,,0.315,,,,11.6,,40000.0,,,,0.6,0.0327,0.04983,,,0.0101,,0.02545,0.74,0.03322,0.03541
428,san17-2_4.xlsx,4.APR/san17-2_4.xlsx,label_and_round,314,San17,Wonjeongli-sulo,2023,4,2,0.5,2023.04.18,11:15,16.1,8.2,11.7,8.8,13.5,28.0,3873,,,,,,,,,10.1,,,,,,,,,,,,,,,,
429,san2-1_4.xlsx,4.APR/san2-1_4.xlsx,label_and_round,293,San2,Cheonglyong stream,2023,4,1,0.5,2023.04.03,13:13,18.8,9.2,13.7,5.6,16.5,10.8,2049,3.607,,,,0.16,,,,6.1,,92000.0,,,21.0,,0.23113,0.10647,,,,,0.01804,0.2,,0.05339
430,san2-2_4.xlsx,4.APR/san2-2_4.xlsx,label_and_round,294,San2,Cheonglyong stream,2023,4,2,0.5,2023.04.27,11:40,16.6,9.0,13.8,7.6,11.9,16.6,815,,,,,,,,,6.0,,,,,,,,,,,,,,,,
431,san3-1_4.xlsx,4.APR/san3-1_4.xlsx,label_and_round,291,San3,Geonji stream,2023,4,1,0.5,2023.04.03,13:37,18.6,8.2,11.8,2.0,7.4,4.1,890,5.051,,,,0.432,,,,4.8,,80000.0,,,,,0.09439,0.16164,,,,,0.01297,0.87,,0.02008
432,san3-2_4.xlsx,4.APR/san3-2_4.xlsx,label_and_round,292,San3,Geonji stream,2023,4,2,0.5,2023.04.27,11:25,15.6,8.0,11.1,4.2,8.7,4.6,1017,,,,,,,,,5.6,,,,,,,,,,,,,,,,
433,san4-1_4.xlsx,4.APR/san4-1_4.xlsx,label_and_round,289,San4,Man-u stream,2023,4,1,0.5,2023.04.06,11:06,22.4,7.0,8.4,1.8,7.4,3.4,1195,6.629,,,,0.036,,,,6.1,,30000.0,,,,,0.07983,0.01987,,,,0.05958,0.03221,5.85,0.05517,0.01203
434,san4-2_4.xlsx,4.APR/san4-2_4.xlsx,label_and_round,290,San4,Man-u stream,2023,4,2,0.5,2023.04.17,12:49,25.0,7.2,8.3,1.5,7.6,3.2,1157,,,,,,,,,6.3,,,,,,,,,,,,,,,,
435,san5-1_4.xlsx,4.APR/san5-1_4.xlsx,label_and_round,285,San5,Sin stream-1,2023,4,1,0.5,2023.04.06,10:40,13.0,7.6,9.3,3.1,9.4,11.0,686,4.781,,,,0.205,,,,6.1,,1100000.0,,,31.0,,0.15103,0.11381,,,,,0.03282,0.2,,0.04756
436,san5-2_4.xlsx,4.APR/san5-2_4.xlsx,label_and_round,286,San5,Sin stream-1,2023,4,2,0.5,2023.04.18,10:55,13.8,7.6,9.1,3.4,8.3,5.4,1307,,,,,,,,,5.4,,,,,,,,,,,,,,,,
437,san6-1_4.xlsx,4.APR/san6-1_4.xlsx,label_and_round,287,San6,Sin stream-2,2023,4,1,0.5,2023.04.06,11:05,12.6,7.4,9.5,5.8,9.8,28.8,555,4.845,,,,0.199,,,,5.6,,1000000.0,,,33.0,,0.1343,0.16248,,,,0.00602,0.02547,0.15,,0.03341
438,san6-2_4.xlsx,4.APR/san6-2_4.xlsx,label_and_round,288,San6,Sin stream-2,2023,4,2,0.5,2023.04.18,11:25,15.2,7.7,9.9,10.0,9.6,18.2,1036,,,,,,,,,6.0,,,,,,,,,,,,,,,,
439,san7-1_4.xlsx,4.APR/san7-1_4.xlsx,label_and_round,281,San7,Pocheon stream,2023,4,1,0.5,2023.04.06,13:57,12.5,7.4,9.8,2.0,7.3,12.0,423,3.91,,,,0.149,,,,4.6,,610000.0,,,27.0,,0.06598,0.09101,,,,,0.02482,0.12,,0.04101
440,san7-2_4.xlsx,4.APR/san7-2_4.xlsx,label_and_round,282,San7,Pocheon stream,2023,4,2,0.5,2023.04.18,12:50,15.6,8.3,12.0,2.8,6.6,7.4,602,,,,,,,,,4.5,,,,,,,,,,,,,,,,
441,san8-1_4.xlsx,4.APR/san8-1_4.xlsx,label_and_round,283,San8,Yeongpyeong stream,2023,4,1,0.5,2023.04.06,13:33,12.7,7.1,10.3,2.0,5.8,19.2,345,4.838,,,,0.092,,,,3.3,,750000.0,,,18.0,,0.05107,0.05464,,,,,0.03216,0.16,,0.02834
442,san8-2_4.xlsx,4.APR/san8-2_4.xlsx,label_and_round,284,San8,Yeongpyeong stream,2023,4,2,0.5,2023.04.18,12:30,14.6,8.2,10.9,2.2,4.8,3.6,369,,,,,,,,,2.7,,,,,,,,,,,,,,,,
443,san9-1_4.xlsx,4.APR/san9-1_4.xlsx,label_and_round,297,San9,Seung-gi stream,2023,4,1,0.5,2023.04.06,13:30,12.9,7.4,7.4,4.7,11.0,6.6,785,5.132,,,,0.262,,,,7.0,,2300000.0,,,29.0,0.5,0.22248,0.12843,,,,0.00698,0.02463,0.13,,0.03703
444,san9-2_4.xlsx,4.APR/san9-2_4.xlsx,label_and_round,298,San9,Seung-gi stream,2023,4,2,0.5,2023.04.19,11:44,20.4,7.3,7.5,3.0,10.3,5.2,820,,,,,,,,,6.9,,,,,,,,,,,,,,,,
445,ha1-1_5.xlsx,5.MAY/ha1-1_5.xlsx,label_and_round,356,Ha1,Anseong stream3,2023,5,1,0.5,2023.05.03,13:01,21.7,9.0,12.9,8.0,15.8,13.0,669,3.18,3.092,2.099,0.054,0.101,0.061,0.013,73.6,7.4,,3400000.0,420.0,,,,,,,,,,,,,
446,ha1-2_5.xlsx,5.MAY/ha1-2_5.xlsx,label_and_round,357,Ha1,Anseong stream3,2023,5,2,0.5,2023.05.08,11:30,16.5,7.5,9.1,3.6,11.2,28.2,417,4.177,3.932,1.767,1.149,0.214,0.14,0.095,4.4,6.8,,40000.0,2400.0,,,,,,,,,,,,,
447,ha1-3_5.xlsx,5.MAY/ha1-3_5.xlsx,label_and_round,358,Ha1,Anseong stream3,2023,5,3,0.5,2023.05.15,11:40,23.0,7.6,9.1,5.3,12.2,32.0,602,3.521,3.458,1.653,0.179,0.154,0.1,0.069,8.9,8.6,,120000.0,11000.0,,,,,,,,,,,,,
448,ha1-4_5.xlsx,5.MAY/ha1-4_5.xlsx,label_and_round,359,Ha1,Anseong stream3,2023,5,4,0.5,2023.05.24,11:56,22.6,7.9,9.6,5.2,14.1,29.5,578,2.702,2.495,1.327,0.162,0.172,0.105,0.103,37.5,8.8,,13000.0,3100.0,,,,,,,,,,,,,
449,ha1-5_5.xlsx,5.MAY/ha1-5_5.xlsx,label_and_round,360,Ha1,Anseong stream3,2023,5,5,0.5,2023.05.30,13:00,23.1,7.6,7.6,4.4,10.1,38.2,401,3.232,3.218,1.651,0.814,0.266,0.185,0.116,4.9,7.2,,33000.0,7300.0,,,,,,,,,,,,,
450,ha10_5.xlsx,5.MAY/ha10_5.xlsx,label_only,326,Ha10,Yeongdeungpo,2023,5,1,0.5,2023.05.16,11:49,20.6,9.0,12.5,1.9,5.8,11.4,227,2.615,2.471,2.269,0.025,0.039,0.014,,28.7,3.5,,500.0,9.0,,,,,,,,,,,,,
451,ha11_5.xlsx,5.MAY/ha11_5.xlsx,label_only,327,Ha11,Kimpo,2023,5,1,0.5,2023.05.16,12:15,20.8,7.5,10.6,4.1,6.5,10.4,323,5.152,5.029,3.961,0.611,0.067,0.019,,16.3,3.6,,4000.0,440.0,,,,,,,,,,,,,
452,ha12_5.xlsx,5.MAY/ha12_5.xlsx,label_only,328,Ha12,Paju,2023,5,1,0.5,2023.05.15,10:45,19.9,7.7,9.3,2.6,7.0,164.4,359,3.771,3.719,2.903,0.238,0.111,0.033,0.014,14.1,3.5,,40000.0,8400.0,,,,,,,,,,,,,
453,ha13_5.xlsx,5.MAY/ha13_5.xlsx,label_only,320,Ha13,Dogok,2023,5,1,0.5,2023.05.16,11:11,20.2,8.0,10.0,1.9,4.2,8.4,177,2.007,1.965,1.672,0.046,0.021,0.01,0.004,5.0,2.4,,7400.0,100.0,,,,,,,,,,,,,
454,ha14_5.xlsx,5.MAY/ha14_5.xlsx,label_only,321,Ha14,Guri,2023,5,1,0.5,2023.05.16,09:38,17.3,8.5,10.9,1.9,4.0,4.6,178,2.02,1.992,1.671,0.036,0.017,0.008,,7.1,2.8,,1600.0,120.0,,,,,,,,,,,,,
455,ha15_5.xlsx,5.MAY/ha15_5.xlsx,label_only,322,Ha15,Amsa,2023,5,1,0.5,2023.05.16,09:44,18.9,8.5,11.6,1.9,4.4,2.6,180,2.001,1.888,1.729,0.025,0.015,0.008,0.004,1.6,2.6,,820.0,76.0,,,,,,,,,,,,,
456,ha16_5.xlsx,5.MAY/ha16_5.xlsx,label_only,323,Ha16,Jamsil,2023,5,1,0.5,2023.05.16,09:55,19.0,8.6,11.1,1.9,4.1,5.6,179,1.966,1.894,1.575,0.022,0.018,0.009,,7.7,3.0,,420.0,21.0,,,,,,,,,,,,,
457,ha17_5.xlsx,5.MAY/ha17_5.xlsx,label_only,316,Ha17,Kyungan stream 3,2023,5,1,0.5,2023.05.23,11:48,23.7,8.2,9.9,2.6,4.6,7.6,426,1.543,1.517,0.983,0.171,0.071,0.054,0.026,7.9,3.5,,14000.0,6100.0,,,,,,,,,,,,,
458,ha18_5.xlsx,5.MAY/ha18_5.xlsx,label_only,317,Ha18,Kyungan stream 5,2023,5,1,0.5,2023.05.23,11:22,21.7,8.7,11.5,3.8,6.6,16.0,457,1.829,1.706,1.303,0.016,0.045,0.016,0.013,29.0,3.8,,6500.0,4900.0,,,,,,,,,,,,,
459,ha19_5.xlsx,5.MAY/ha19_5.xlsx,label_only,318,Ha19,Kyungan stream 7,2023,5,1,0.5,2023.05.23,10:58,22.3,8.4,9.7,4.0,7.1,21.6,474,2.111,2.019,1.465,0.207,0.046,0.016,,28.2,4.1,,9200.0,570.0,,,,,,,,,,,,,
460,ha2-1_5.xlsx,5.MAY/ha2-1_5.xlsx,label_and_round,319,Ha2,Kyungan stream11,2023,5,1,0.5,2023.05.23,10:13,21.6,8.0,9.2,2.5,4.9,8.4,371,1.576,1.522,1.19,0.092,0.027,0.016,0.007,9.6,3.2,,1600.0,270.0,,,,,,,,,,,,,
461,ha21_5.xlsx,5.MAY/ha21_5.xlsx,label_only,315,Ha21,Kyungan stream 2,2023,5,1,0.5,2023.05.23,12:12,22.2,8.6,11.5,2.1,5.8,14.2,364,1.591,1.533,1.209,0.011,0.086,0.069,0.043,8.9,2.7,,9800.0,1400.0,,,,,,,,,,,,,
462,ha23_5.xlsx,5.MAY/ha23_5.xlsx,label_only,329,Ha23,Hantangang2,2023,5,1,0.5,2023.05.17,10:42,21.4,8.0,8.9,0.9,3.6,10.4,282,3.511,3.436,2.729,0.024,0.036,0.026,0.021,3.0,2.3,,16000.0,350.0,,,,,,,,,,,,,
463,ha24_5.xlsx,5.MAY/ha24_5.xlsx,label_only,330,Ha24,Hantangang3,2023,5,1,0.5,2023.05.17,10:36,21.3,7.7,8.7,0.7,3.3,6.6,214,3.073,3.048,2.705,0.031,0.037,0.028,0.019,0.7,2.1,,75000.0,150.0,,,,,,,,,,,,,
464,ha25_5.xlsx,5.MAY/ha25_5.xlsx,label_only,331,Ha25,Hantangang4,2023,5,1,0.5,2023.05.17,11:30,22.7,8.1,9.5,0.7,3.3,5.4,217,2.88,2.879,2.775,0.029,0.035,0.028,0.018,1.6,2.0,,16000.0,560.0,,,,,,,,,,,,,
465,ha26_5.xlsx,5.MAY/ha26_5.xlsx,label_only,332,Ha26,Nam-i island,2023,5,1,0.5,2023.05.17,10:47,20.3,8.2,10.5,0.8,2.9,1.6,120,1.723,1.704,1.583,0.025,0.007,0.007,,0.2,1.7,,550.0,9.0,,,,,,,,,,,,,
466,ha3-1_5.xlsx,5.MAY/ha3-1_5.xlsx,label_and_round,372,Ha3,Imjin stream 2,2023,5,1,0.5,2023.05.17,11:10,22.0,8.3,9.4,0.9,2.8,6.4,108,2.297,1.18,0.975,0.027,0.044,0.024,0.011,0.6,1.6,,4700.0,25.0,,,,,,,,,,,,,
467,ha4-1_5.xlsx,5.MAY/ha4-1_5.xlsx,label_and_round,351,Ha4,Gayang,2023,5,1,0.5,2023.05.02,10:42,16.8,7.8,9.7,2.7,5.6,8.8,304,3.74,3.72,1.791,0.287,0.042,0.018,0.004,18.0,3.4,,4400.0,560.0,,,,,,,,,,,,,
468,ha4-2_5.xlsx,5.MAY/ha4-2_5.xlsx,label_and_round,352,Ha4,Gayang,2023,5,2,0.5,2023.05.10,11:00,17.2,7.8,10.1,1.4,4.8,10.0,233,2.355,2.217,1.651,0.112,0.022,0.011,0.006,9.5,2.4,,30000.0,720.0,,,,,,,,,,,,,
469,ha4-3_5.xlsx,5.MAY/ha4-3_5.xlsx,label_and_round,353,Ha4,Gayang,2023,5,3,0.5,2023.05.16,12:00,20.1,8.9,11.6,1.2,6.0,11.6,247,2.782,2.603,2.063,0.046,0.041,0.012,,25.5,3.7,,2000.0,300.0,,,,,,,,,,,,,
470,ha4-4_5.xlsx,5.MAY/ha4-4_5.xlsx,label_and_round,354,Ha4,Gayang,2023,5,4,0.5,2023.05.23,10:51,22.2,7.4,7.2,1.9,4.5,14.8,270,3.015,3.005,2.218,0.382,0.06,0.043,0.03,2.7,3.0,,3500.0,200.0,,,,,,,,,,,,,
471,ha4-5_5.xlsx,5.MAY/ha4-5_5.xlsx,label_and_round,355,Ha4,Gayang,2023,5,5,0.5,2023.05.31,11:07,21.5,7.7,7.6,2.1,4.0,6.8,270,2.701,2.536,1.633,0.566,0.076,0.074,0.032,1.9,2.9,,58000.0,28000.0,,,,,,,,,,,,,
472,ha5_5.xlsx,5.MAY/ha5_5.xlsx,label_only,371,Ha5,Ara stream 1,2023,5,1,0.5,2023.05.09,11:46,18.9,8.2,12.4,4.2,6.7,11.2,12960,3.548,3.508,1.809,0.731,0.067,0.037,0.008,26.0,4.1,,13000.0,1100.0,,,,,,,,,,,,,
473,ha6_5.xlsx,5.MAY/ha6_5.xlsx,label_only,373,Ha6,Ara stream 2,2023,5,1,0.5,2023.05.09,12:19,18.8,8.6,12.7,5.3,7.4,13.8,15979,3.544,3.126,1.715,0.643,0.068,0.034,0.006,48.6,4.8,,120000.0,3000.0,,,,,,,,,,,,,
474,ha7_5.xlsx,5.MAY/ha7_5.xlsx,label_only,342,Ha7,seonhaeng stream,2023,5,1,0.5,2023.05.08,11:50,18.3,7.6,9.6,2.8,7.7,15.2,323,3.826,3.711,2.766,0.3,0.177,0.138,0.08,1.3,2.8,,510000.0,21000.0,,,,,,,,,,,,,
475,ha8_5.xlsx,5.MAY/ha8_5.xlsx,label_only,324,Ha8,Ttukdo,2023,5,1,0.5,2023.05.16,11:05,19.4,8.6,10.5,2.4,4.5,8.2,211,2.348,2.296,1.987,0.086,0.018,0.012,0.007,5.5,2.8,,2400.0,120.0,,,,,,,,,,,,,
476,ha9_5.xlsx,5.MAY/ha9_5.xlsx,label_only,325,Ha9,Bogwang,2023,5,1,0.5,2023.05.16,11:13,20.0,7.3,9.3,3.5,5.9,8.2,324,5.8,5.689,3.915,1.159,0.082,0.024,0.01,3.8,3.3,,40000.0,6000.0,,,,,,,,,,,,,
477,ho1_5.xlsx,5.MAY/ho1_5.xlsx,label_only,350,Ho1,Nam-yang lake 3,2023,5,1,0.5,2023.05.08,12:41,18.3,7.4,8.2,3.5,10.2,25.5,498,4.28,4.147,1.236,2.201,0.218,0.124,0.078,1.7,6.3,,120000.0,10000.0,,,,,,,,,,,,,
478,san1-1_5.xlsx,5.MAY/san1-1_5.xlsx,label_and_round,388,San1,Jang-an stream,2023,5,1,0.5,2023.05.08,11:06,16.2,7.7,8.1,5.2,6.6,45.8,344,3.371,,,,0.38,,,,4.3,,1200000.0,,,,0.8,0.11291,0.61867,,,0.012,0.008,0.03652,,,0.09631
479,san1-2_5.xlsx,5.MAY/san1-2_5.xlsx,label_and_round,389,San1,Jang-an stream,2023,5,2,0.5,2023.05.24,11:30,19.6,7.9,8.1,8.8,9.7,10.4,413,,,,,,,,,5.6,,,,,,,,,,,,,,,,
480,san10-1_5.xlsx,5.MAY/san10-1_5.xlsx,label_and_round,396,San10,Okgu stream,2023,5,1,0.5,2023.05.10,12:30,19.0,7.4,6.5,6.9,9.3,6.8,12725,1.819,,,,0.119,,,,5.8,,720000.0,,,12.0,,0.20423,0.05326,,,,,0.10124,0.4,,0.04135
481,san10-2_5.xlsx,5.MAY/san10-2_5.xlsx,label_and_round,397,San10,Okgu stream,2023,5,2,0.5,2023.05.23,11:35,22.2,7.9,8.2,9.9,9.8,12.2,23509,,,,,,,,,5.6,,,,,,,,,,,,,,,,
482,san11-1_5.xlsx,5.MAY/san11-1_5.xlsx,label_and_round,398,San11,Gunja stream,2023,5,1,0.5,2023.05.10,12:38,18.6,7.6,7.6,2.2,3.2,15.2,29785,1.66,,,,0.086,,,,2.9,,6400.0,,,19.0,,0.28714,0.01138,,,,,0.05075,0.74,0.02169,0.02853
483,san11-2_5.xlsx,5.MAY/san11-2_5.xlsx,label_and_round,399,San11,Gunja stream,2023,5,2,0.5,2023.05.23,13:15,22.1,8.1,11.4,2.3,4.9,16.0,22992,,,,,,,,,4.0,,,,,,,,,,,,,,,,
484,san12-1_5.xlsx,5.MAY/san12-1_5.xlsx,label_and_round,400,San12,Jeongwang stream,2023,5,1,0.5,2023.05.10,12:46,17.9,7.6,7.7,2.3,3.8,21.6,26868,1.721,,,,0.095,,,,3.8,,7200.0,,,7.0,,0.1418,,,,,,0.04501,0.65,,0.03535
485,san12-2_5.xlsx,5.MAY/san12-2_5.xlsx,label_and_round,401,San12,Jeongwang stream,2023,5,2,0.5,2023.05.23,13:25,21.4,8.0,9.3,3.0,4.1,26.4,24732,,,,,,,,,4.5,,,,,,,,,,,,,,,,
486,san13-1_5.xlsx,5.MAY/san13-1_5.xlsx,label_and_round,402,San13,Je4ganseon-sulo,2023,5,1,0.5,2023.05.10,12:55,18.6,7.4,6.7,2.2,5.0,14.2,22008,2.672,,,,0.15,,,,3.7,,4600000.0,,,8.0,,0.2574,0.00962,,,0.018,0.0246,0.04277,0.57,0.0178,0.04419
487,san13-2_5.xlsx,5.MAY/san13-2_5.xlsx,label_and_round,403,San13,Je4ganseon-sulo,2023,5,2,0.5,2023.05.23,13:35,22.8,7.4,2.2,13.2,15.3,15.2,10432,,,,,,,,,13.1,,,,,,,,,,,,,,,,
488,san14-1_5.xlsx,5.MAY/san14-1_5.xlsx,label_and_round,394,San14,Shingil stream,2023,5,1,0.5,2023.05.10,13:04,20.1,7.5,5.4,5.4,11.8,29.0,1715,4.807,,,,0.323,,,,7.4,,960000.0,,,21.0,0.7,0.2695,0.15459,,,0.0808,0.15243,0.04594,0.32,0.04792,0.06963
489,san14-2_5.xlsx,5.MAY/san14-2_5.xlsx,label_and_round,395,San14,Shingil stream,2023,5,2,0.5,2023.05.23,13:45,25.4,7.7,6.1,10.0,17.0,20.0,2277,,,,,,,,,12.6,,,,,,,,,,,,,,,,
490,san15-1_5.xlsx,5.MAY/san15-1_5.xlsx,label_and_round,392,San15,Banwol stream,2023,5,1,0.5,2023.05.08,11:18,16.5,7.6,10.5,2.0,6.4,5.4,704,4.977,,,,0.156,,,,3.9,,2100000.0,,,23.0,,0.15388,0.11342,,,,,0.00863,0.12,,0.06289
491,san15-2_5.xlsx,5.MAY/san15-2_5.xlsx,label_and_round,393,San15,Banwol stream,2023,5,2,0.5,2023.05.24,13:20,22.4,8.7,8.1,2.1,6.7,12.8,983,,,,,,,,,4.3,,,,,,,,,,,,,,,,
492,san16-1_5.xlsx,5.MAY/san16-1_5.xlsx,label_and_round,404,San16,Gumun stream,2023,5,1,0.5,2023.05.08,12:35,17.5,7.4,8.3,1.9,9.2,10.0,940,6.812,,,,0.168,,,,6.3,,200000.0,,,,0.5,0.33536,0.30765,,,,,0.01098,0.16,,0.07476
493,san16-2_5.xlsx,5.MAY/san16-2_5.xlsx,label_and_round,405,San16,Gumun stream,2023,5,2,0.5,2023.05.24,12:52,20.4,7.3,5.6,2.7,9.8,3.2,1228,,,,,,,,,6.9,,,,,,,,,,,,,,,,
494,san17-1_5.xlsx,5.MAY/san17-1_5.xlsx,label_and_round,406,San17,Wonjeongli-sulo,2023,5,1,0.5,2023.05.08,13:09,19.9,7.5,8.3,2.0,9.9,13.0,1559,4.803,,,,0.246,,,,7.2,,500000.0,,,,,0.16783,0.09529,,,,,0.03076,0.48,,0.04355
495,san17-2_5.xlsx,5.MAY/san17-2_5.xlsx,label_and_round,407,San17,Wonjeongli-sulo,2023,5,2,0.5,2023.05.24,11:21,23.0,7.5,8.3,2.8,9.6,7.8,4694,,,,,,,,,8.6,,,,,,,,,,,,,,,,
496,san2-1_5.xlsx,5.MAY/san2-1_5.xlsx,label_and_round,386,San2,Cheonglyong stream,2023,5,1,0.5,2023.05.08,13:01,20.3,7.4,8.6,2.9,10.5,20.7,838,4.262,,,,0.34,,,,6.6,,100000.0,,,45.0,0.7,0.24022,0.32429,,,,,0.01512,0.14,,0.05848
497,san2-2_5.xlsx,5.MAY/san2-2_5.xlsx,label_and_round,387,San2,Cheonglyong stream,2023,5,2,0.5,2023.05.24,13:55,23.6,7.5,8.1,2.1,9.3,11.0,954,,,,,,,,,7.0,,,,,,,,,,,,,,,,
498,san3-1_5.xlsx,5.MAY/san3-1_5.xlsx,label_and_round,384,San3,Geonji stream,2023,5,1,0.5,2023.05.08,13:23,18.5,7.5,8.9,2.2,7.3,12.4,466,4.461,,,,0.168,,,,4.9,,110000.0,,,,1.5,0.11364,0.23452,,,,,0.01485,0.21,,0.03513
499,san3-2_5.xlsx,5.MAY/san3-2_5.xlsx,label_and_round,385,San3,Geonji stream,2023,5,2,0.5,2023.05.24,14:19,22.4,7.5,7.2,2.7,8.2,5.6,694,,,,,,,,,5.6,,,,,,,,,,,,,,,,
500,san4-1_5.xlsx,5.MAY/san4-1_5.xlsx,label_and_round,382,San4,Man-u stream,2023,5,1,0.5,2023.05.10,13:20,26.6,7.2,8.5,1.1,8.4,3.4,1167,6.295,,,,0.036,,,,6.0,,28000.0,,,,0.9,0.07386,0.00806,,,,0.05573,0.01746,5.95,0.02514,0.01109
501,san4-2_5.xlsx,5.MAY/san4-2_5.xlsx,label_and_round,383,San4,Man-u stream,2023,5,2,0.5,2023.05.23,12:35,28.6,7.8,8.2,2.0,8.4,4.0,1313,,,,,,,,,6.2,,,,,,,,,,,,,,,,
502,san5-1_5.xlsx,5.MAY/san5-1_5.xlsx,label_and_round,378,San5,Sin stream-1,2023,5,1,0.5,2023.05.09,10:31,17.3,7.8,9.5,1.8,6.6,8.4,698,4.615,,,,0.158,,,,4.0,,540000.0,,,25.0,,0.11449,0.13628,,,,,0.02023,0.11,,0.04701
503,san5-2_5.xlsx,5.MAY/san5-2_5.xlsx,label_and_round,379,San5,Sin stream-1,2023,5,2,0.5,2023.05.25,13:55,25.0,8.5,10.5,3.8,9.8,8.4,1613,,,,,,,,,6.8,,,,,,,,,,,,,,,,
504,san6-1_5.xlsx,5.MAY/san6-1_5.xlsx,label_and_round,380,San6,Sin stream-2,2023,5,1,0.5,2023.05.09,11:45,18.6,7.6,9.3,2.7,6.6,28.2,618,5.758,,,,0.111,,,,3.6,,1200000.0,,,21.0,,0.09493,0.10472,,,,,0.01555,,,0.03303
505,san6-2_5.xlsx,5.MAY/san6-2_5.xlsx,label_and_round,381,San6,Sin stream-2,2023,5,2,0.5,2023.05.25,13:32,26.6,8.0,8.6,5.6,11.6,20.0,1785,,,,,,,,,7.4,,,,,,,,,,,,,,,,
506,san7-1_5.xlsx,5.MAY/san7-1_5.xlsx,label_and_round,374,San7,Pocheon stream,2023,5,1,0.5,2023.05.09,13:09,21.3,7.7,9.1,1.5,4.1,4.6,407,4.744,,,,0.09,,,,2.7,,98000.0,,,24.0,,0.02788,0.06361,,,,,0.00802,,,0.03483
507,san7-2_5.xlsx,5.MAY/san7-2_5.xlsx,label_and_round,375,San7,Pocheon stream,2023,5,2,0.5,2023.05.25,10:50,23.0,8.3,10.8,1.9,6.1,10.2,821,,,,,,,,,4.3,,,,,,,,,,,,,,,,
508,san8-1_5.xlsx,5.MAY/san8-1_5.xlsx,label_and_round,376,San8,Yeongpyeong stream,2023,5,1,0.5,2023.05.09,12:51,18.5,7.6,10.0,1.6,3.8,5.8,328,4.616,,,,0.059,,,,2.0,,480000.0,,,12.0,,0.04029,0.05752,,,,,0.0225,,,0.02121
509,san8-2_5.xlsx,5.MAY/san8-2_5.xlsx,label_and_round,377,San8,Yeongpyeong stream,2023,5,2,0.5,2023.05.25,13:05,23.8,8.2,10.6,2.0,5.2,21.4,635,,,,,,,,,3.6,,,,,,,,,,,,,,,,
510,san9-1_5.xlsx,5.MAY/san9-1_5.xlsx,label_and_round,390,San9,Seung-gi stream,2023,5,1,0.5,2023.05.10,10:48,19.8,7.5,6.6,1.9,8.7,3.2,1005,3.112,,,,0.271,,,,5.6,,62000.0,,,24.0,,0.04227,0.12027,,,,,0.01615,,,0.02741
511,san9-2_5.xlsx,5.MAY/san9-2_5.xlsx,label_and_round,391,San9,Seung-gi stream,2023,5,2,0.5,2023.05.23,10:45,22.5,8.1,9.2,3.0,10.7,7.8,793,,,,,,,,,6.8,,,,,,,,,,,,,,,,
512,ha1-1_6.xlsx,6.JUN/ha1-1_6.xlsx,label_and_round,448,Ha1,Anseong stream3,2023,6,1,0.5,2023.06.07,10:47,22.8,8.2,9.0,8.1,14.6,34.1,461,1.844,1.577,0.734,0.062,0.18,0.097,0.059,26.1,7.7,,12000.0,2900.0,,,,,,,,,,,,,
513,ha1-2_6.xlsx,6.JUN/ha1-2_6.xlsx,label_and_round,449,Ha1,Anseong stream3,2023,6,2,0.5,2023.06.14,14:51,27.3,8.9,12.1,11.8,15.6,24.4,539,2.546,2.027,1.081,0.045,0.22,0.126,0.054,95.8,9.1,,11000.0,1900.0,,,,,,,,,,,,,
514,ha1-3_6.xlsx,6.JUN/ha1-3_6.xlsx,label_and_round,450,Ha1,Anseong stream3,2023,6,3,0.5,2023.06.19,11:28,28.0,8.3,8.5,2.4,13.3,46.0,732,1.809,1.784,0.623,0.122,0.221,0.21,0.18,19.2,8.5,,3500000.0,200000.0,,,,,,,,,,,,,
515,ha1-4_6.xlsx,6.JUN/ha1-4_6.xlsx,label_and_round,451,Ha1,Anseong stream3,2023,6,4,0.5,2023.06.27,13:10,26.7,7.8,8.7,5.0,11.9,35.0,405,2.526,2.399,1.019,0.576,0.231,0.133,0.103,55.5,6.4,,140000.0,2900.0,,,,,,,,,,,,,
516,ha10_6.xlsx,6.JUN/ha10_6.xlsx,label_only,419,Ha10,Yeongdeungpo,2023,6,1,0.5,2023.06.20,11:22,25.2,7.8,9.8,1.3,4.0,13.2,231,2.435,2.422,1.925,0.148,0.054,0.019,0.008,6.5,3.4,,39000.0,190.0,,,,,,,,,,,,,
517,ha11_6.xlsx,6.JUN/ha11_6.xlsx,label_only,420,Ha11,Kimpo,2023,6,1,0.5,2023.06.20,11:46,24.8,7.4,8.5,2.1,4.2,22.8,261,3.171,3.09,2.318,0.266,0.058,0.034,0.018,12.7,3.4,,17000.0,400.0,,,,,,,,,,,,,
518,ha12_6.xlsx,6.JUN/ha12_6.xlsx,label_only,421,Ha12,Paju,2023,6,1,0.5,2023.06.19,10:44,26.3,7.5,7.4,1.8,5.0,148.5,411,3.239,3.182,2.53,0.034,0.128,0.068,0.026,16.1,4.6,,33000.0,6400.0,,,,,,,,,,,,,
519,ha13_6.xlsx,6.JUN/ha13_6.xlsx,label_only,413,Ha13,Dogok,2023,6,1,0.5,2023.06.20,10:45,22.7,7.8,8.4,1.3,3.5,5.0,197,1.561,1.526,1.307,0.038,0.014,0.01,,4.3,2.0,,15000.0,270.0,,,,,,,,,,,,,
520,ha14_6.xlsx,6.JUN/ha14_6.xlsx,label_only,414,Ha14,Guri,2023,6,1,0.5,2023.06.20,09:40,23.5,7.9,9.6,1.6,3.8,5.4,190,1.511,1.442,1.203,0.017,0.017,0.013,,6.6,2.2,,3900.0,48.0,,,,,,,,,,,,,
521,ha15_6.xlsx,6.JUN/ha15_6.xlsx,label_only,415,Ha15,Amsa,2023,6,1,0.5,2023.06.20,09:46,24.2,7.9,9.7,1.5,3.4,5.0,216,1.828,1.791,1.542,0.024,0.018,0.009,,6.4,2.2,,12000.0,120.0,,,,,,,,,,,,,
522,ha16_6.xlsx,6.JUN/ha16_6.xlsx,label_only,416,Ha16,Jamsil,2023,6,1,0.5,2023.06.20,10:00,24.4,8.5,11.0,1.6,3.7,6.0,194,1.587,1.561,1.357,0.011,0.013,0.009,,11.1,2.3,,3600.0,16.0,,,,,,,,,,,,,
523,ha17_6.xlsx,6.JUN/ha17_6.xlsx,label_only,409,Ha17,Kyungan stream 3,2023,6,1,0.5,2023.06.26,11:19,24.2,7.5,7.9,4.0,4.8,33.0,346,1.461,1.393,0.9,0.214,0.125,0.074,0.048,21.1,3.3,,700000.0,62000.0,,,,,,,,,,,,,
524,ha18_6.xlsx,6.JUN/ha18_6.xlsx,label_only,410,Ha18,Kyungan stream 5,2023,6,1,0.5,2023.06.26,10:58,24.5,7.4,7.4,7.5,5.5,139.1,370,1.646,1.492,1.02,0.118,0.157,0.059,0.004,72.9,3.2,,750000.0,80000.0,,,,,,,,,,,,,
525,ha19_6.xlsx,6.JUN/ha19_6.xlsx,label_only,411,Ha19,Kyungan stream 7,2023,6,1,0.5,2023.06.26,10:32,24.6,7.6,7.6,5.9,5.5,38.4,351,1.334,1.24,0.878,0.049,0.085,0.027,,95.4,3.2,,790000.0,32000.0,,,,,,,,,,,,,
526,ha2-1_6.xlsx,6.JUN/ha2-1_6.xlsx,label_and_round,412,Ha2,Kyungan stream11,2023,6,1,0.5,2023.06.26,10:00,24.5,8.7,10.3,3.8,5.9,10.0,337,1.339,1.188,0.875,0.064,0.418,0.015,0.004,42.3,3.7,,40000.0,76.0,,,,,,,,,,,,,
527,ha21_6.xlsx,6.JUN/ha21_6.xlsx,label_only,408,Ha21,Kyungan stream 2,2023,6,1,0.5,2023.06.26,11:39,23.1,7.6,8.5,2.0,4.5,13.2,265,1.206,1.149,0.895,0.047,0.111,0.084,0.062,3.0,3.0,,520000.0,40000.0,,,,,,,,,,,,,
528,ha23_6.xlsx,6.JUN/ha23_6.xlsx,label_only,422,Ha23,Hantangang2,2023,6,1,0.5,2023.06.21,13:18,23.0,7.9,8.5,0.7,3.4,14.4,181,2.089,2.042,1.787,0.075,0.057,0.04,0.028,5.4,2.1,,56000.0,680.0,,,,,,,,,,,,,
529,ha24_6.xlsx,6.JUN/ha24_6.xlsx,label_only,423,Ha24,Hantangang3,2023,6,1,0.5,2023.06.21,12:54,23.5,8.0,8.3,1.0,4.0,13.8,265,2.325,2.299,1.915,0.054,0.051,0.028,0.027,8.6,2.6,,63000.0,5000.0,,,,,,,,,,,,,
530,ha25_6.xlsx,6.JUN/ha25_6.xlsx,label_only,424,Ha25,Hantangang4,2023,6,1,0.5,2023.06.21,11:08,24.4,8.0,8.4,0.8,4.1,19.8,258,2.295,2.258,1.811,0.03,0.042,0.042,0.026,8.2,2.3,,70000.0,500.0,,,,,,,,,,,,,
531,ha26_6.xlsx,6.JUN/ha26_6.xlsx,label_only,425,Ha26,Nam-i island,2023,6,1,0.5,2023.06.28,10:49,24.2,8.0,9.8,0.9,3.0,2.8,123,1.251,1.151,1.041,0.019,0.009,0.004,,3.5,1.6,,1500.0,100.0,,,,,,,,,,,,,
532,ha3-1_6.xlsx,6.JUN/ha3-1_6.xlsx,label_and_round,461,Ha3,Imjin stream 2,2023,6,1,0.5,2023.06.21,12:33,23.7,8.0,8.5,0.8,2.9,9.8,133,0.889,0.866,0.716,0.016,0.025,0.013,0.004,2.7,1.9,,47000.0,570.0,,,,,,,,,,,,,
533,ha4-1_6.xlsx,6.JUN/ha4-1_6.xlsx,label_and_round,444,Ha4,Gayang,2023,6,1,0.5,2023.06.07,11:00,22.4,7.5,7.3,1.9,4.2,14.4,288,2.682,2.646,2.038,0.331,0.07,0.058,0.039,5.9,3.0,,5000.0,200.0,,,,,,,,,,,,,
534,ha4-2_6.xlsx,6.JUN/ha4-2_6.xlsx,label_and_round,445,Ha4,Gayang,2023,6,2,0.5,2023.06.13,11:30,24.2,7.5,7.3,2.3,5.0,6.2,255,2.775,2.682,1.761,0.596,0.069,0.044,0.033,5.6,3.1,,1300.0,520.0,,,,,,,,,,,,,
535,ha4-3_6.xlsx,6.JUN/ha4-3_6.xlsx,label_and_round,446,Ha4,Gayang,2023,6,3,0.5,2023.06.20,11:33,24.8,7.4,9.0,1.4,3.9,27.4,251,3.098,3.043,2.468,0.24,0.051,0.026,0.012,15.7,3.1,,41000.0,190.0,,,,,,,,,,,,,
536,ha4-4_6.xlsx,6.JUN/ha4-4_6.xlsx,label_and_round,447,Ha4,Gayang,2023,6,4,0.5,2023.06.26,12:00,24.2,7.6,8.6,2.4,4.0,16.8,274,2.401,2.348,1.734,0.3,0.051,0.028,0.011,20.2,2.9,,35000.0,1300.0,,,,,,,,,,,,,
537,ha5_6.xlsx,6.JUN/ha5_6.xlsx,label_only,460,Ha5,Ara stream 1,2023,6,1,0.5,2023.06.12,12:05,24.0,8.4,13.6,6.9,8.3,26.4,16805,2.463,2.307,1.883,0.03,0.062,0.024,,131.4,5.5,,1500.0,3500.0,,,,,,,,,,,,,
538,ha6_6.xlsx,6.JUN/ha6_6.xlsx,label_only,462,Ha6,Ara stream 2,2023,6,1,0.5,2023.06.12,12:20,24.8,8.0,8.9,4.0,6.3,14.4,17766,2.822,2.597,1.606,0.404,0.096,0.03,0.006,2.1,4.3,,1000.0,2400.0,,,,,,,,,,,,,
539,ha7_6.xlsx,6.JUN/ha7_6.xlsx,label_only,435,Ha7,seonhaeng stream,2023,6,1,0.5,2023.06.20,10:45,20.1,7.2,8.8,2.9,5.2,15.4,310,3.063,3.05,2.463,0.16,0.148,0.142,0.108,2.9,2.9,,1100000.0,72000.0,,,,,,,,,,,,,
540,ha8_6.xlsx,6.JUN/ha8_6.xlsx,label_only,417,Ha8,Ttukdo,2023,6,1,0.5,2023.06.20,10:53,24.2,8.3,9.5,1.4,3.6,13.2,221,2.233,2.197,1.657,0.207,0.022,0.012,,25.7,2.9,,11000.0,1100.0,,,,,,,,,,,,,
541,ha9_6.xlsx,6.JUN/ha9_6.xlsx,label_only,418,Ha9,Bogwang,2023,6,1,0.5,2023.06.20,10:59,24.6,7.9,9.2,1.3,3.7,15.4,235,2.419,2.392,1.752,0.284,0.036,0.011,,6.9,3.3,,10000.0,460.0,,,,,,,,,,,,,
542,ho1_6.xlsx,6.JUN/ho1_6.xlsx,label_only,443,Ho1,Nam-yang lake 3,2023,6,1,0.5,2023.06.12,12:23,26.7,8.4,12.5,5.5,14.7,15.6,926,5.365,5.062,1.572,2.56,0.126,0.06,0.017,99.6,10.1,,2000.0,2300.0,,,,,,,,,,,,,
543,ho3_6.xlsx,6.JUN/ho3_6.xlsx,label_only,442,Ho3,Asan lake 3,2023,6,1,0.5,2023.06.19,11:41,28.5,9.2,16.1,4.1,20.9,16.4,950,3.089,2.753,1.837,0.037,0.082,0.034,0.008,81.9,12.7,0.3,4400.0,820.0,,,,,,,,,,,,,
544,san1-1_6.xlsx,6.JUN/san1-1_6.xlsx,label_and_round,477,San1,Jang-an stream,2023,6,1,0.5,2023.06.14,15:12,25.3,7.7,4.3,10.3,11.6,11.4,529,6.914,,,,0.943,,,,9.4,,41000.0,,,,,0.10879,0.28043,,,,0.01283,0.02695,,,0.03617
545,san1-2_6.xlsx,6.JUN/san1-2_6.xlsx,label_and_round,478,San1,Jang-an stream,2023,6,2,0.5,2023.06.27,12:38,25.0,7.8,6.6,6.5,8.5,19.8,437,,,,,,,,,5.9,,,,,,,,,,,,,,,,
546,san10-1_6.xlsx,6.JUN/san10-1_6.xlsx,label_and_round,485,San10,Okgu stream,2023,6,1,0.5,2023.06.15,12:10,25.7,8.8,14.5,2.1,7.2,7.0,3619,1.98,,,,0.125,,,,4.6,,10000.0,,,196.0,,0.09362,0.10732,,,,,0.07411,0.33,,0.04486
547,san10-2_6.xlsx,6.JUN/san10-2_6.xlsx,label_and_round,486,San10,Okgu stream,2023,6,2,0.5,2023.06.28,13:06,26.8,7.5,6.5,6.8,11.1,6.6,4737,,,,,,,,,7.0,,,,,,,,,,,,,,,,
548,san11-1_6.xlsx,6.JUN/san11-1_6.xlsx,label_and_round,487,San11,Gunja stream,2023,6,1,0.5,2023.06.15,12:18,25.6,8.6,16.6,2.0,5.3,6.2,7467,2.587,,,,0.085,,,,4.9,,4800.0,,,8.0,,0.7828,0.06121,,,0.0522,,0.35469,0.34,,0.03932
549,san11-2_6.xlsx,6.JUN/san11-2_6.xlsx,label_and_round,488,San11,Gunja stream,2023,6,2,0.5,2023.06.28,13:14,26.5,7.6,8.0,2.0,4.0,12.4,20132,,,,,,,,,3.7,,,,,,,,,,,,,,,,
550,san12-1_6.xlsx,6.JUN/san12-1_6.xlsx,label_and_round,489,San12,Jeongwang stream,2023,6,1,0.5,2023.06.15,12:27,24.7,8.9,15.6,4.4,9.1,6.0,4471,3.963,,,,0.178,,,,6.8,,33000.0,,,23.0,,0.16959,0.05084,,,0.0142,0.01585,0.13988,0.34,,0.04816
551,san12-2_6.xlsx,6.JUN/san12-2_6.xlsx,label_and_round,490,San12,Jeongwang stream,2023,6,2,0.5,2023.06.28,13:21,26.7,7.4,6.3,2.5,4.9,8.8,12705,,,,,,,,,3.9,,,,,,,,,,,,,,,,
552,san13-1_6.xlsx,6.JUN/san13-1_6.xlsx,label_and_round,491,San13,Je4ganseon-sulo,2023,6,1,0.5,2023.06.15,12:35,24.6,8.1,10.7,4.3,6.0,5.0,2305,3.394,,,,0.239,,,,3.9,,39000.0,,,202.0,,0.25673,0.0687,,,0.0677,0.03919,0.06995,0.35,0.25635,0.05216
553,san13-2_6.xlsx,6.JUN/san13-2_6.xlsx,label_and_round,492,San13,Je4ganseon-sulo,2023,6,2,0.5,2023.06.28,13:27,27.0,7.8,8.6,3.1,5.8,24.6,21240,,,,,,,,,4.2,,,,,,,,,,,,,,,,
554,san14-1_6.xlsx,6.JUN/san14-1_6.xlsx,label_and_round,483,San14,Shingil stream,2023,6,1,0.5,2023.06.15,12:40,26.5,7.7,6.1,5.6,14.9,9.6,2697,5.77,,,,0.243,,,,10.8,,14000.0,,,44.0,0.5,0.50626,0.20208,,,0.0808,0.08691,0.02948,,0.12299,0.05406
555,san14-2_6.xlsx,6.JUN/san14-2_6.xlsx,label_and_round,484,San14,Shingil stream,2023,6,2,0.5,2023.06.28,13:35,26.8,7.6,4.0,4.3,9.6,7.6,1637,,,,,,,,,7.2,,,,0.012,,,,,,,,,,0.42,,
556,san15-1_6.xlsx,6.JUN/san15-1_6.xlsx,label_and_round,481,San15,Banwol stream,2023,6,1,0.5,2023.06.12,10:39,23.4,7.5,9.3,2.3,6.9,20.0,645,4.122,,,,0.126,,,,4.4,,49000.0,,,29.0,,0.21217,0.23138,,,,,0.00653,0.15,,0.06289
557,san15-2_6.xlsx,6.JUN/san15-2_6.xlsx,label_and_round,482,San15,Banwol stream,2023,6,2,0.5,2023.06.27,13:30,27.5,7.7,9.1,5.3,7.9,28.4,427,,,,,,,,,5.1,,,,,,,,,,,,,,,,
558,san16-1_6.xlsx,6.JUN/san16-1_6.xlsx,label_and_round,493,San16,Gumun stream,2023,6,1,0.5,2023.06.12,12:16,26.2,7.6,9.1,2.8,11.2,11.0,1436,7.178,,,,0.168,,,,8.1,,48000.0,,,,,0.34607,0.22421,,,,,0.00692,0.31,,0.06277
559,san16-2_6.xlsx,6.JUN/san16-2_6.xlsx,label_and_round,494,San16,Gumun stream,2023,6,2,0.5,2023.06.27,13:00,25.9,7.4,4.8,3.6,9.2,6.9,722,,,,,,,,,6.5,,,,,,,,,,,,,,,,
560,san17-1_6.xlsx,6.JUN/san17-1_6.xlsx,label_and_round,495,San17,Wonjeongli-sulo,2023,6,1,0.5,2023.06.12,12:51,27.5,7.9,11.4,10.2,14.8,65.4,5351,6.281,,,,0.177,,,,9.7,,32000.0,,,,,0.06119,0.02854,,,0.0088,,0.04554,1.18,0.02837,0.04114
561,san17-2_6.xlsx,6.JUN/san17-2_6.xlsx,label_and_round,496,San17,Wonjeongli-sulo,2023,6,2,0.5,2023.06.28,11:30,27.4,7.6,7.1,2.5,9.9,11.6,4033,,,,,,,,,6.9,,,,,,,,,,,,,,,,
562,san2-1_6.xlsx,6.JUN/san2-1_6.xlsx,label_and_round,475,San2,Cheonglyong stream,2023,6,1,0.5,2023.06.14,14:18,28.9,7.8,10.2,4.0,9.9,18.4,1202,4.388,,,,0.267,,,,7.5,,7500.0,,,30.0,,0.32631,0.16499,,,,,0.01555,0.58,,0.05685
563,san2-2_6.xlsx,6.JUN/san2-2_6.xlsx,label_and_round,476,San2,Cheonglyong stream,2023,6,2,0.5,2023.06.27,13:42,27.7,7.7,9.0,5.7,9.9,18.0,600,,,,,,,,,7.4,,,,,,,,,,,,,,,,
564,san3-1_6.xlsx,6.JUN/san3-1_6.xlsx,label_and_round,473,San3,Geonji stream,2023,6,1,0.5,2023.06.14,13:56,27.0,7.5,5.9,4.0,9.9,6.4,897,4.51,,,,0.405,,,,8.0,,4100.0,,,,,0.18382,0.18649,,,,,0.01056,0.28,,0.03934
565,san3-2_6.xlsx,6.JUN/san3-2_6.xlsx,label_and_round,474,San3,Geonji stream,2023,6,2,0.5,2023.06.27,14:22,27.8,7.4,5.8,2.0,8.1,9.6,640,,,,,,,,,5.6,,,,,,,,,,,,,,,,
566,san4-1_6.xlsx,6.JUN/san4-1_6.xlsx,label_and_round,471,San4,Man-u stream,2023,6,1,0.5,2023.06.13,13:10,28.6,7.4,8.1,1.3,8.1,3.4,1225,5.393,,,,0.044,,,,6.1,,2500.0,,,,,0.07683,0.01942,,,,0.02722,0.01643,5.77,0.09824,0.0098
567,san4-2_6.xlsx,6.JUN/san4-2_6.xlsx,label_and_round,472,San4,Man-u stream,2023,6,2,0.5,2023.06.26,10:40,24.7,7.1,7.9,2.4,8.0,19.4,829,,,,,,,,,6.1,,,,,,,,,,,,,,,,
568,san5-1_6.xlsx,6.JUN/san5-1_6.xlsx,label_and_round,467,San5,Sin stream-1,2023,6,1,0.5,2023.06.13,11:15,24.0,7.7,8.7,3.6,8.3,6.8,865,4.343,,,,0.311,,,,5.5,,2000.0,,,24.0,,0.11249,0.17381,,,,,0.01917,0.21,,0.05048
569,san5-2_6.xlsx,6.JUN/san5-2_6.xlsx,label_and_round,468,San5,Sin stream-1,2023,6,2,0.5,2023.06.27,10:50,24.0,7.6,6.3,2.2,8.0,9.4,727,,,,,,,,,5.2,,,,,,,,,,,,,,,,
570,san6-1_6.xlsx,6.JUN/san6-1_6.xlsx,label_and_round,469,San6,Sin stream-2,2023,6,1,0.5,2023.06.13,12:34,25.8,7.6,8.0,5.3,7.6,5.8,859,5.754,,,,0.151,,,,5.1,,34000.0,,,26.0,,0.12037,0.14176,,,,0.01,0.02172,0.14,,0.04183
571,san6-2_6.xlsx,6.JUN/san6-2_6.xlsx,label_and_round,470,San6,Sin stream-2,2023,6,2,0.5,2023.06.27,11:15,24.0,7.5,8.7,4.6,8.4,33.8,674,,,,,,,,,4.8,,,,,,,,,,,,,,,,
572,san7-1_6.xlsx,6.JUN/san7-1_6.xlsx,label_and_round,463,San7,Pocheon stream,2023,6,1,0.5,2023.06.13,13:40,23.7,7.7,8.4,1.7,4.1,5.4,403,3.458,,,,0.116,,,,2.8,,7400.0,,,17.0,,0.03002,0.07415,,,,,0.00798,,,0.02937
573,san7-2_6.xlsx,6.JUN/san7-2_6.xlsx,label_and_round,464,San7,Pocheon stream,2023,6,2,0.5,2023.06.27,12:50,24.0,7.5,9.8,2.4,5.2,26.6,290,,,,,,,,,3.6,,,,,,,,,,,,,,,,
574,san8-1_6.xlsx,6.JUN/san8-1_6.xlsx,label_and_round,465,San8,Yeongpyeong stream,2023,6,1,0.5,2023.06.13,13:20,22.3,7.6,9.1,1.8,4.2,13.2,338,3.681,,,,0.1,,,,2.5,,28000.0,,,14.0,,0.05245,0.07511,,,,0.01245,0.01154,0.11,,0.04161
575,san8-2_6.xlsx,6.JUN/san8-2_6.xlsx,label_and_round,466,San8,Yeongpyeong stream,2023,6,2,0.5,2023.06.27,12:30,22.0,7.6,10.2,1.8,7.3,41.2,231,,,,,,,,,3.6,,,,,,,,,,,,,,,,
576,san9-1_6.xlsx,6.JUN/san9-1_6.xlsx,label_and_round,479,San9,Seung-gi stream,2023,6,1,0.5,2023.06.15,11:05,25.4,7.9,9.0,2.1,9.5,6.8,862,1.221,,,,0.303,,,,6.1,,1000.0,,,31.0,,0.02153,0.13987,,,,,0.01113,0.11,,0.02284
577,san9-2_6.xlsx,6.JUN/san9-2_6.xlsx,label_and_round,480,San9,Seung-gi stream,2023,6,2,0.5,2023.06.28,10:46,26.8,7.5,6.3,3.8,9.8,14.4,721,,,,,,,,,8.0,,,,,,,,,,,,,,,,
578,ha1-1_7.xlsx,7.JUL/ha1-1_7.xlsx,label_and_round,537,Ha1,Anseong stream3,2023,7,1,0.5,2023.07.04,11:35,28.5,8.4,9.5,5.8,12.0,32.9,444,2.373,1.978,1.21,0.053,0.175,0.05,0.022,122.8,5.5,,50000.0,2500.0,,,,,,,,,,,,,
579,ha1-2_7.xlsx,7.JUL/ha1-2_7.xlsx,label_and_round,538,Ha1,Anseong stream3,2023,7,2,0.5,2023.07.10,12:39,27.2,7.8,8.4,4.0,8.6,66.0,367,3.1,3.064,2.397,0.228,0.243,0.176,0.158,8.7,4.2,,380000.0,12000.0,,,,,,,,,,,,,
580,ha1-3_7.xlsx,7.JUL/ha1-3_7.xlsx,label_and_round,539,Ha1,Anseong stream3,2023,7,3,0.5,2023.07.19,13:30,26.3,7.6,7.9,1.8,7.5,32.8,243,3.771,3.764,3.211,0.139,0.269,0.231,0.19,0.5,4.5,,42000.0,25000.0,,,,,,,,,,,,,
581,ha1-4_7.xlsx,7.JUL/ha1-4_7.xlsx,label_and_round,540,Ha1,Anseong stream3,2023,7,4,0.5,2023.07.26,12:25,27.5,7.4,7.5,2.0,6.5,70.3,302,3.322,3.151,2.679,0.157,0.255,0.164,0.149,4.1,3.4,,780000.0,54000.0,,,,,,,,,,,,,
582,ha10_7.xlsx,7.JUL/ha10_7.xlsx,label_only,508,Ha10,Yeongdeungpo,2023,7,1,0.5,2023.07.27,11:16,25.2,7.5,8.3,1.1,3.6,4.8,192,2.978,2.862,2.233,0.361,0.065,0.046,0.036,1.3,1.9,,74000.0,3000.0,,,,,,,,,,,,,
583,ha11_7.xlsx,7.JUL/ha11_7.xlsx,label_only,509,Ha11,Kimpo,2023,7,1,0.5,2023.07.27,11:40,26.0,7.3,8.5,1.0,3.8,4.6,245,4.695,4.49,3.931,0.192,0.052,0.034,0.024,1.2,2.1,,58000.0,4000.0,,,,,,,,,,,,,
584,ha12_7.xlsx,7.JUL/ha12_7.xlsx,label_only,510,Ha12,Paju,2023,7,1,0.5,2023.07.10,13:25,24.9,7.5,7.8,1.6,3.7,27.0,191,2.65,2.631,2.072,0.418,0.081,0.056,0.042,4.6,2.3,,320000.0,48000.0,,,,,,,,,,,,,
585,ha13_7.xlsx,7.JUL/ha13_7.xlsx,label_only,502,Ha13,Dogok,2023,7,1,0.5,2023.07.27,10:52,24.2,8.0,9.3,1.1,3.3,5.8,157,2.006,1.969,1.794,0.013,0.034,0.018,0.014,1.9,1.7,,26000.0,1200.0,,,,,,,,,,,,,
586,ha14_7.xlsx,7.JUL/ha14_7.xlsx,label_only,503,Ha14,Guri,2023,7,1,0.5,2023.07.27,09:52,23.6,8.1,9.1,1.1,3.4,5.4,154,1.9,1.868,1.769,0.011,0.031,0.011,0.008,6.7,1.6,,16000.0,560.0,,,,,,,,,,,,,
587,ha15_7.xlsx,7.JUL/ha15_7.xlsx,label_only,504,Ha15,Amsa,2023,7,1,0.5,2023.07.27,09:56,23.3,8.0,9.1,0.9,3.6,6.4,145,2.054,1.836,1.749,,0.061,0.013,0.009,4.4,1.6,,11000.0,720.0,,,,,,,,,,,,,
588,ha16_7.xlsx,7.JUL/ha16_7.xlsx,label_only,505,Ha16,Jamsil,2023,7,1,0.5,2023.07.27,10:07,23.6,7.9,8.8,0.9,3.1,10.6,161,2.045,1.969,1.805,0.037,0.043,0.029,0.029,1.2,1.9,,520000.0,12000.0,,,,,,,,,,,,,
589,ha17_7.xlsx,7.JUL/ha17_7.xlsx,label_only,498,Ha17,Kyungan stream 3,2023,7,1,0.5,2023.07.17,11:30,20.8,7.5,9.0,0.8,2.7,2.6,270,3.174,3.155,2.953,0.092,0.057,0.051,0.039,0.4,1.8,,130000.0,24000.0,,,,,,,,,,,,,
590,ha18_7.xlsx,7.JUL/ha18_7.xlsx,label_only,499,Ha18,Kyungan stream 5,2023,7,1,0.5,2023.07.17,11:05,21.1,7.5,8.8,1.2,2.9,4.6,263,3.12,3.097,2.932,0.141,0.065,0.063,0.047,0.5,2.0,,150000.0,100000.0,,,,,,,,,,,,,
591,ha19_7.xlsx,7.JUL/ha19_7.xlsx,label_only,500,Ha19,Kyungan stream 7,2023,7,1,0.5,2023.07.17,10:40,21.1,7.6,8.8,1.3,3.0,7.4,263,3.201,3.16,2.888,0.115,0.066,0.057,0.047,0.5,2.1,,200000.0,55000.0,,,,,,,,,,,,,
592,ha2-1_7.xlsx,7.JUL/ha2-1_7.xlsx,label_and_round,501,Ha2,Kyungan stream11,2023,7,1,0.5,2023.07.17,10:00,21.6,7.5,8.3,1.0,2.9,5.0,237,3.131,3.107,2.92,0.114,0.059,0.055,0.039,0.2,2.0,,77000.0,9400.0,,,,,,,,,,,,,
593,ha21_7.xlsx,7.JUL/ha21_7.xlsx,label_only,497,Ha21,Kyungan stream 2,2023,7,1,0.5,2023.07.17,11:50,20.3,7.5,9.0,0.9,2.7,0.6,228,2.959,2.935,2.716,0.053,0.046,0.042,0.034,0.3,1.6,,82000.0,21000.0,,,,,,,,,,,,,
594,ha23_7.xlsx,7.JUL/ha23_7.xlsx,label_only,511,Ha23,Hantangang2,2023,7,1,0.5,2023.07.04,13:00,25.3,8.0,8.8,0.8,3.3,13.0,241,3.68,3.551,3.467,0.077,0.064,0.058,0.038,2.4,2.1,,40000.0,1100.0,,,,,,,,,,,,,
595,ha24_7.xlsx,7.JUL/ha24_7.xlsx,label_only,512,Ha24,Hantangang3,2023,7,1,0.5,2023.07.04,12:44,25.8,7.9,8.4,0.8,2.9,15.4,163,2.508,2.499,2.366,0.023,0.04,0.038,0.025,1.2,1.7,,34000.0,2300.0,,,,,,,,,,,,,
596,ha25_7.xlsx,7.JUL/ha25_7.xlsx,label_only,513,Ha25,Hantangang4,2023,7,1,0.5,2023.07.04,10:58,26.2,7.9,8.4,0.8,3.2,14.6,179,2.85,2.82,2.701,0.027,0.053,0.046,0.028,2.1,1.9,,56000.0,5400.0,,,,,,,,,,,,,
597,ha26_7.xlsx,7.JUL/ha26_7.xlsx,label_only,514,Ha26,Nam-i island,2023,7,1,0.5,2023.07.26,10:50,25.7,7.8,9.3,0.9,3.1,2.0,120,2.022,1.882,1.746,,0.013,0.005,,4.4,1.3,,5400.0,460.0,,,,,,,,,,,,,
598,ha3-1_7.xlsx,7.JUL/ha3-1_7.xlsx,label_and_round,550,Ha3,Imjin stream 2,2023,7,1,0.5,2023.07.04,12:21,27.3,8.0,8.4,1.0,2.6,9.4,105,1.133,1.047,0.989,,0.022,0.02,,0.9,1.6,,23000.0,460.0,,,,,,,,,,,,,
599,ha4-1_7.xlsx,7.JUL/ha4-1_7.xlsx,label_and_round,533,Ha4,Gayang,2023,7,1,0.5,2023.07.03,10:30,23.4,7.6,8.8,1.1,3.4,17.0,193,2.115,2.054,1.761,0.122,0.053,0.03,0.018,8.1,2.4,,23000.0,2600.0,,,,,,,,,,,,,
600,ha4-2_7.xlsx,7.JUL/ha4-2_7.xlsx,label_and_round,534,Ha4,Gayang,2023,7,2,0.5,2023.07.12,16:20,22.2,7.4,9.0,1.4,3.6,14.2,149,2.215,2.102,1.882,0.103,0.135,0.076,0.048,2.1,2.3,,230000.0,40000.0,,,,,,,,,,,,,
601,ha4-3_7.xlsx,7.JUL/ha4-3_7.xlsx,label_and_round,535,Ha4,Gayang,2023,7,3,0.5,2023.07.17,10:35,21.5,8.0,9.6,0.9,3.5,19.6,498,2.486,2.286,1.898,0.075,0.205,0.052,0.038,0.5,3.6,,72000.0,7800.0,,,,,,,,,,,,,
602,ha4-4_7.xlsx,7.JUL/ha4-4_7.xlsx,label_and_round,536,Ha4,Gayang,2023,7,4,0.5,2023.07.24,10:50,23.8,7.7,7.7,1.8,3.6,8.0,182,2.32,2.284,1.814,0.329,0.077,0.068,0.055,3.1,2.0,,270000.0,88000.0,,,,,,,,,,,,,
603,ha5_7.xlsx,7.JUL/ha5_7.xlsx,label_only,549,Ha5,Ara stream 1,2023,7,1,0.5,2023.07.03,11:50,27.5,7.9,10.4,2.3,5.8,16.8,6801,2.918,2.659,1.887,0.602,0.137,0.071,0.044,83.9,4.5,,160000.0,1100.0,,,,,,,,,,,,,
604,ha6_7.xlsx,7.JUL/ha6_7.xlsx,label_only,551,Ha6,Ara stream 2,2023,7,1,0.5,2023.07.03,12:08,28.1,8.7,13.3,3.7,7.9,19.6,9907,2.889,2.362,1.698,0.479,0.103,0.024,,104.0,7.1,,88000.0,2200.0,,,,,,,,,,,,,
605,ha7_7.xlsx,7.JUL/ha7_7.xlsx,label_only,524,Ha7,seonhaeng stream,2023,7,1,0.5,2023.07.04,11:27,22.0,7.5,8.5,2.9,9.9,8.8,334,4.204,3.988,3.628,0.329,0.294,0.264,0.226,2.2,4.9,,2100000.0,100000.0,,,,,,,,,,,,,
606,ha8_7.xlsx,7.JUL/ha8_7.xlsx,label_only,506,Ha8,Ttukdo,2023,7,1,0.5,2023.07.27,10:36,23.5,7.9,9.2,1.0,2.9,11.4,156,2.155,2.067,1.886,0.027,0.058,0.037,0.028,1.1,1.8,,63000.0,4400.0,,,,,,,,,,,,,
607,ha9_7.xlsx,7.JUL/ha9_7.xlsx,label_only,507,Ha9,Bogwang,2023,7,1,0.5,2023.07.27,10:44,24.1,7.5,8.5,1.2,3.9,16.8,181,2.642,2.51,2.062,0.209,0.083,0.059,0.045,2.8,2.0,,320000.0,9400.0,,,,,,,,,,,,,
608,ho1_7.xlsx,7.JUL/ho1_7.xlsx,label_only,532,Ho1,Nam-yang lake 3,2023,7,1,0.5,2023.07.03,13:08,31.0,8.3,11.5,5.1,12.0,20.9,731,4.51,4.2,1.022,2.225,0.169,0.048,0.013,102.9,6.9,,22000.0,570.0,,,,,,,,,,,,,
609,ho3_7.xlsx,7.JUL/ho3_7.xlsx,label_only,531,Ho3,Asan lake 3,2023,7,11,0.5,2023.07.12,11:50,27.5,7.5,5.4,3.2,7.8,23.1,473,3.183,2.811,1.568,0.912,0.144,0.116,0.071,43.8,3.8,0.3,1200.0,1200.0,,,,,,,,,,,,,
610,san1-1_7.xlsx,7.JUL/san1-1_7.xlsx,label_and_round,559,San1,Jang-an stream,2023,7,1,0.5,2023.07.04,11:10,25.5,7.7,5.9,5.1,7.9,78.4,526,8.232,,,,0.29,,,,5.4,,250000.0,,,,,0.08505,0.14767,,,,,0.0234,0.11,,0.03725
611,san10-1_7.xlsx,7.JUL/san10-1_7.xlsx,label_and_round,563,San10,Okgu stream,2023,7,1,0.5,2023.07.05,12:30,24.9,7.3,4.9,10.8,6.8,9.0,859,1.774,,,,0.073,,,,7.6,,52000.0,,,26.0,,0.12558,0.19119,,,,,0.10663,0.26,,0.23005
612,san11-1_7.xlsx,7.JUL/san11-1_7.xlsx,label_and_round,564,San11,Gunja stream,2023,7,1,0.5,2023.07.05,12:45,24.9,7.3,6.1,2.0,7.1,33.8,1276,4.097,,,,0.248,,,,5.1,,330000.0,,,73.0,,0.25337,0.4391,,,0.026,,0.18892,0.22,,0.26109
613,san12-1_7.xlsx,7.JUL/san12-1_7.xlsx,label_and_round,565,San12,Jeongwang stream,2023,7,1,0.5,2023.07.05,13:00,25.4,7.2,6.1,7.0,6.6,5.4,917,3.079,,,,0.129,,,,5.8,,440000.0,,,16.0,,0.1235,0.10677,,,,0.01223,0.1309,0.26,,0.17342
614,san13-1_7.xlsx,7.JUL/san13-1_7.xlsx,label_and_round,566,San13,Je4ganseon-sulo,2023,7,1,0.5,2023.07.05,13:10,25.0,7.4,7.5,2.7,5.0,4.4,880,3.504,,,,0.233,,,,3.6,,25000.0,,,13.0,,0.11753,0.06131,,0.069,0.0662,0.0272,0.09933,0.43,,0.19372
615,san14-1_7.xlsx,7.JUL/san14-1_7.xlsx,label_and_round,562,San14,Shingil stream,2023,7,1,0.5,2023.07.05,13:15,24.4,7.1,4.0,3.2,7.6,27.4,395,3.356,,,,0.329,,,,5.7,,87000.0,,,128.0,,0.08232,0.74508,,,,0.01357,0.08689,0.19,,0.19914
616,san15-1_7.xlsx,7.JUL/san15-1_7.xlsx,label_and_round,561,San15,Banwol stream,2023,7,1,0.5,2023.07.03,13:45,29.5,7.6,7.4,1.6,6.0,23.4,617,2.591,,,,0.103,,,,4.0,,96000.0,,,12.0,,0.08499,0.13682,,,,,0.01498,0.13,,0.05658
617,san16-1_7.xlsx,7.JUL/san16-1_7.xlsx,label_and_round,567,San16,Gumun stream,2023,7,1,0.5,2023.07.03,13:02,29.2,7.7,8.2,2.2,9.5,19.4,1376,6.485,,,,0.175,,,,6.8,,20000.0,,,,,0.42895,0.2535,,,,,0.01285,0.19,,0.07581
618,san17-1_7.xlsx,7.JUL/san17-1_7.xlsx,label_and_round,568,San17,Wonjeongli-sulo,2023,7,1,0.5,2023.07.03,11:22,30.2,7.8,10.6,3.3,10.4,26.3,5324,4.165,,,,0.142,,,,7.9,,10000.0,,,,,0.0835,0.03057,,,0.0104,,0.06018,0.62,0.0339,0.04107
619,san2-1_7.xlsx,7.JUL/san2-1_7.xlsx,label_and_round,558,San2,Cheonglyong stream,2023,7,1,0.5,2023.07.04,14:20,27.2,7.4,7.6,2.8,6.7,6.4,1325,5.43,,,,0.261,,,,4.9,,100000.0,,,33.0,,0.18454,0.17346,,,,0.0139,0.02252,0.47,,0.03802
620,san3-1_7.xlsx,7.JUL/san3-1_7.xlsx,label_and_round,557,San3,Geonji stream,2023,7,1,0.5,2023.07.04,14:40,26.2,7.4,5.2,4.8,8.0,83.8,802,7.155,,,,0.344,,,,5.6,,82000.0,,,,0.5,0.42202,0.15525,,,,0.01048,0.05174,0.35,,0.07844
621,san4-1_7.xlsx,7.JUL/san4-1_7.xlsx,label_and_round,556,San4,Man-u stream,2023,7,1,0.5,2023.07.03,11:50,29.8,7.5,7.5,1.2,7.5,5.2,1105,4.414,,,,0.035,,,,5.8,,4700.0,,,,,0.06639,0.01139,,,,0.03826,0.01618,5.86,0.07503,0.01142
622,san5-1_7.xlsx,7.JUL/san5-1_7.xlsx,label_and_round,554,San5,Sin stream-1,2023,7,1,0.5,2023.07.05,10:40,23.4,7.8,7.8,2.5,8.7,54.0,317,3.211,,,,0.375,,,,4.8,,82000.0,,,68.0,,0.02389,0.41532,,,,,0.07897,0.11,,0.19085
623,san6-1_7.xlsx,7.JUL/san6-1_7.xlsx,label_and_round,555,San6,Sin stream-2,2023,7,1,0.5,2023.07.05,11:53,23.9,7.6,8.1,2.9,6.9,68.4,308,3.054,,,,0.349,,,,4.5,,160000.0,,,71.0,,0.01962,0.38851,,,,,0.07089,,,0.16024
624,san7-1_7.xlsx,7.JUL/san7-1_7.xlsx,label_and_round,552,San7,Pocheon stream,2023,7,1,0.5,2023.07.05,12:52,23.5,7.4,8.1,2.0,6.0,53.8,181,2.944,,,,0.203,,,,4.0,,130000.0,,,52.0,,0.01504,0.27349,,,,,0.07538,,,0.17379
625,san8-1_7.xlsx,7.JUL/san8-1_7.xlsx,label_and_round,553,San8,Yeongpyeong stream,2023,7,1,0.5,2023.07.05,12:29,22.0,7.5,8.8,1.2,4.8,35.0,104,2.297,,,,0.108,,,,2.9,,35000.0,,,39.0,,0.01072,0.17455,,,,,0.10707,0.11,,0.14708
626,san9-1_7.xlsx,7.JUL/san9-1_7.xlsx,label_and_round,560,San9,Seung-gi stream,2023,7,1,0.5,2023.07.05,10:30,23.9,7.1,3.8,2.8,8.1,32.5,379,4.766,,,,0.496,,,,5.8,,520000.0,,,114.0,,0.06184,0.61893,,,,0.00995,0.1181,0.12,,0.25873
627,ha1-1_8.xlsx,8.AUG/ha1-1_8.xlsx,label_and_round,609,Ha1,Anseong stream3,2023,8,1,0.5,2023.08.02,13:35,30.7,8.6,11.3,5.2,8.3,16.2,396,3.085,2.89,2.404,0.018,0.144,0.087,0.069,28.9,5.1,,270000.0,49000.0,,,,,,,,,,,,,
628,ha1-2_8.xlsx,8.AUG/ha1-2_8.xlsx,label_and_round,610,Ha1,Anseong stream3,2023,8,2,0.5,2023.08.09,12:50,30.0,8.4,9.6,5.4,10.6,29.8,417,2.298,2.021,1.519,0.039,0.169,0.105,0.073,110.7,5.7,,1100000.0,100000.0,,,,,,,,,,,,,
629,ha1-3_8.xlsx,8.AUG/ha1-3_8.xlsx,label_and_round,611,Ha1,Anseong stream3,2023,8,3,0.5,2023.08.16,11:47,28.5,7.8,8.9,1.8,7.1,9.2,384,3.697,3.634,3.036,0.028,0.162,0.102,0.094,19.6,4.2,,96000.0,26000.0,,,,,,,,,,,,,
630,ha1-4_8.xlsx,8.AUG/ha1-4_8.xlsx,label_and_round,612,Ha1,Anseong stream3,2023,8,4,0.5,2023.08.22,11:33,29.2,7.9,8.3,3.7,8.6,23.2,373,2.564,2.561,1.813,0.068,0.171,0.111,0.079,61.9,4.6,,240000.0,27000.0,,,,,,,,,,,,,
631,ha1-5_8.xlsx,8.AUG/ha1-5_8.xlsx,label_and_round,613,Ha1,Anseong stream3,2023,8,5,0.5,2023.08.28,13:16,24.9,7.7,7.9,1.9,6.7,10.4,400,3.459,3.433,2.698,0.32,0.164,0.123,0.105,13.5,3.8,,130000.0,33000.0,,,,,,,,,,,,,
632,ha10_8.xlsx,8.AUG/ha10_8.xlsx,label_only,580,Ha10,Yeongdeungpo,2023,8,1,0.5,2023.08.08,11:26,28.9,7.7,7.1,1.1,3.6,6.6,227,2.671,2.67,2.262,0.202,0.041,0.028,0.019,1.9,2.3,,40000.0,15000.0,,,,,,,,,,,,,
633,ha11_8.xlsx,8.AUG/ha11_8.xlsx,label_only,581,Ha11,Kimpo,2023,8,1,0.5,2023.08.08,11:50,29.5,7.6,7.1,1.3,3.6,7.6,230,2.747,2.74,2.429,0.19,0.042,0.031,0.023,4.1,2.5,,160000.0,12000.0,,,,,,,,,,,,,
634,ha12_8.xlsx,8.AUG/ha12_8.xlsx,label_only,582,Ha12,Paju,2023,8,1,0.5,2023.08.07,10:18,29.2,7.7,7.0,2.4,4.6,59.3,289,3.258,3.198,2.793,0.17,0.261,0.072,0.054,4.6,3.0,,110000.0,14000.0,,,,,,,,,,,,,
635,ha13_8.xlsx,8.AUG/ha13_8.xlsx,label_only,574,Ha13,Dogok,2023,8,1,0.5,2023.08.08,11:18,30.4,8.5,7.8,1.2,3.7,3.8,191,1.66,1.64,1.51,0.081,0.024,0.017,0.009,0.8,2.2,,130000.0,6200.0,,,,,,,,,,,,,
636,ha14_8.xlsx,8.AUG/ha14_8.xlsx,label_only,575,Ha14,Guri,2023,8,1,0.5,2023.08.08,10:00,27.8,8.1,7.4,1.1,3.5,13.0,181,1.7,1.672,1.487,0.093,0.027,0.019,0.008,2.1,2.3,,71000.0,5600.0,,,,,,,,,,,,,
637,ha15_8.xlsx,8.AUG/ha15_8.xlsx,label_only,576,Ha15,Amsa,2023,8,1,0.5,2023.08.08,10:05,26.7,7.8,7.9,1.0,3.1,8.2,178,1.66,1.65,1.519,0.07,0.024,0.015,0.007,1.2,2.1,,39000.0,4900.0,,,,,,,,,,,,,
638,ha16_8.xlsx,8.AUG/ha16_8.xlsx,label_only,577,Ha16,Jamsil,2023,8,1,0.5,2023.08.08,10:18,28.0,7.9,8.0,1.0,3.2,4.8,182,1.704,1.704,1.51,0.046,0.018,0.009,,0.9,2.2,,20000.0,3500.0,,,,,,,,,,,,,
639,ha17_8.xlsx,8.AUG/ha17_8.xlsx,label_only,570,Ha17,Kyungan stream 3,2023,8,1,0.5,2023.08.22,11:33,26.7,8.0,9.2,1.2,3.3,4.8,357,2.005,2.001,1.806,0.037,0.048,0.047,0.029,4.3,1.8,,140000.0,30000.0,,,,,,,,,,,,,
640,ha18_8.xlsx,8.AUG/ha18_8.xlsx,label_only,571,Ha18,Kyungan stream 5,2023,8,1,0.5,2023.08.22,11:00,27.0,7.7,7.8,1.9,4.5,5.8,388,2.443,2.427,1.971,0.138,0.068,0.05,0.035,23.9,2.7,,56000.0,18000.0,,,,,,,,,,,,,
641,ha19_8.xlsx,8.AUG/ha19_8.xlsx,label_only,572,Ha19,Kyungan stream 7,2023,8,1,0.5,2023.08.22,10:30,27.4,7.9,8.4,2.9,5.7,27.6,404,2.617,2.591,2.136,0.143,0.074,0.028,0.018,31.5,2.5,,160000.0,34000.0,,,,,,,,,,,,,
642,ha2-1_8.xlsx,8.AUG/ha2-1_8.xlsx,label_and_round,573,Ha2,Kyungan stream11,2023,8,1,0.5,2023.08.22,09:50,28.6,8.8,11.2,3.5,6.5,10.2,348,2.027,1.992,1.549,0.014,0.046,0.018,0.005,28.5,3.3,,160000.0,10000.0,,,,,,,,,,,,,
643,ha21_8.xlsx,8.AUG/ha21_8.xlsx,label_only,569,Ha21,Kyungan stream 2,2023,8,1,0.5,2023.08.22,12:00,26.6,8.5,10.2,1.1,3.1,8.8,308,1.803,1.791,1.68,0.031,0.049,0.043,0.035,7.0,1.6,,230000.0,56000.0,,,,,,,,,,,,,
644,ha23_8.xlsx,8.AUG/ha23_8.xlsx,label_only,583,Ha23,Hantangang2,2023,8,1,0.5,2023.08.02,12:35,26.9,8.5,8.8,1.0,3.0,3.0,198,2.9,2.897,2.691,,0.03,0.024,0.018,1.4,2.0,,58000.0,4200.0,,,,,,,,,,,,,
645,ha24_8.xlsx,8.AUG/ha24_8.xlsx,label_only,584,Ha24,Hantangang3,2023,8,1,0.5,2023.08.02,12:20,27.4,8.0,8.2,1.0,2.7,0.8,179,2.475,2.474,2.369,,0.031,0.024,0.019,0.9,1.7,,42000.0,3100.0,,,,,,,,,,,,,
646,ha25_8.xlsx,8.AUG/ha25_8.xlsx,label_only,585,Ha25,Hantangang4,2023,8,1,0.5,2023.08.02,10:55,27.5,8.1,8.7,0.8,2.7,2.2,199,2.494,2.493,2.419,,0.028,0.022,0.017,0.8,1.6,,68000.0,9000.0,,,,,,,,,,,,,
647,ha26_8.xlsx,8.AUG/ha26_8.xlsx,label_only,586,Ha26,Nam-i island,2023,8,1,0.5,2023.08.30,10:04,23.4,7.9,9.0,1.7,5.9,3.8,100,1.372,1.269,1.12,0.012,0.018,,,19.9,2.6,,16000.0,370.0,,,,,,,,,,,,,
648,ha3-1_8.xlsx,8.AUG/ha3-1_8.xlsx,label_and_round,625,Ha3,Imjin stream 2,2023,8,1,0.5,2023.08.02,11:25,27.7,8.1,8.4,0.7,2.3,1.0,106,0.976,0.974,0.895,,0.01,0.007,0.007,1.3,1.3,,21000.0,720.0,,,,,,,,,,,,,
649,ha4-1_8.xlsx,8.AUG/ha4-1_8.xlsx,label_and_round,604,Ha4,Gayang,2023,8,1,0.5,2023.08.01,10:08,26.3,7.9,8.8,1.7,3.9,6.6,191,2.382,2.335,2.03,0.111,0.042,0.023,0.017,24.8,2.6,,40000.0,5800.0,,,,,,,,,,,,,
650,ha4-2_8.xlsx,8.AUG/ha4-2_8.xlsx,label_and_round,605,Ha4,Gayang,2023,8,2,0.5,2023.08.08,11:35,29.4,7.7,7.2,1.1,3.1,5.6,224,2.634,2.619,2.185,0.125,0.047,0.031,0.02,0.8,2.4,,66000.0,10000.0,,,,,,,,,,,,,
651,ha4-3_8.xlsx,8.AUG/ha4-3_8.xlsx,label_and_round,606,Ha4,Gayang,2023,8,3,0.5,2023.08.16,10:47,26.0,7.5,7.7,1.4,4.4,5.4,202,2.691,2.679,2.207,0.163,0.09,0.089,0.086,7.0,2.8,,21000.0,5100.0,,,,,,,,,,,,,
652,ha4-4_8.xlsx,8.AUG/ha4-4_8.xlsx,label_and_round,607,Ha4,Gayang,2023,8,4,0.5,2023.08.21,11:20,28.0,7.8,8.4,1.5,4.7,13.4,221,2.698,2.694,2.261,0.088,0.079,0.047,0.03,19.3,2.9,,26000.0,1000.0,,,,,,,,,,,,,
653,ha4-5_8.xlsx,8.AUG/ha4-5_8.xlsx,label_and_round,608,Ha4,Gayang,2023,8,5,0.5,2023.08.28,10:40,24.7,7.7,7.5,1.4,4.3,15.8,231,2.289,2.26,1.952,0.14,0.097,0.068,0.057,2.1,2.6,,43000.0,5400.0,,,,,,,,,,,,,
654,ha5_8.xlsx,8.AUG/ha5_8.xlsx,label_only,624,Ha5,Ara stream 1,2023,8,1,0.5,2023.08.01,13:10,30.5,9.0,13.5,3.2,6.1,11.2,1242,3.326,2.99,2.574,0.013,0.08,0.08,0.005,60.4,5.1,,230000.0,11000.0,,,,,,,,,,,,,
655,ha6_8.xlsx,8.AUG/ha6_8.xlsx,label_only,626,Ha6,Ara stream 2,2023,8,1,0.5,2023.08.01,13:30,30.5,9.2,14.3,4.1,6.5,16.8,3411,3.106,2.746,2.12,,0.089,0.026,0.006,16.7,5.8,,170000.0,12000.0,,,,,,,,,,,,,
656,ha7_8.xlsx,8.AUG/ha7_8.xlsx,label_only,596,Ha7,seonhaeng stream,2023,8,1,0.5,2023.08.02,10:28,24.0,8.1,9.5,1.2,3.0,1.6,233,2.883,2.854,2.516,0.03,0.099,0.09,0.075,6.1,1.8,,320000.0,78000.0,,,,,,,,,,,,,
657,ha8_8.xlsx,8.AUG/ha8_8.xlsx,label_only,578,Ha8,Ttukdo,2023,8,1,0.5,2023.08.08,10:50,28.2,8.0,8.1,1.2,3.9,4.6,201,1.98,1.936,1.714,0.092,0.028,0.013,0.005,2.0,2.4,,49000.0,10000.0,,,,,,,,,,,,,
658,ha9_8.xlsx,8.AUG/ha9_8.xlsx,label_only,579,Ha9,Bogwang,2023,8,1,0.5,2023.08.08,11:00,28.4,8.1,8.0,1.3,3.6,4.0,181,1.708,1.704,1.536,0.03,0.016,0.015,,1.5,2.2,,20000.0,6600.0,,,,,,,,,,,,,
659,ho1_8.xlsx,8.AUG/ho1_8.xlsx,label_only,603,Ho1,Nam-yang lake 3,2023,8,1,0.5,2023.08.01,11:30,30.9,8.7,11.0,4.7,9.5,16.6,533,3.978,3.902,1.022,1.48,0.124,0.057,0.044,37.9,6.0,,54000.0,2400.0,,,,,,,,,,,,,
660,san1-1_8.xlsx,8.AUG/san1-1_8.xlsx,label_and_round,641,San1,Jang-an stream,2023,8,1,0.5,2023.08.02,13:10,29.2,7.9,7.1,3.5,5.5,66.8,446,6.654,,,,0.287,,,,3.3,,400000.0,,,,1.3,0.03811,0.07984,,,,,0.01475,,,0.06677
661,san1-2_8.xlsx,8.AUG/san1-2_8.xlsx,label_and_round,642,San1,Jang-an stream,2023,8,2,0.5,2023.08.22,11:07,26.2,7.7,7.1,3.3,6.4,17.4,359,,,,,,,,,4.1,,,,,,,,,,,,,,,,
662,san10-1_8.xlsx,8.AUG/san10-1_8.xlsx,label_and_round,649,San10,Okgu stream,2023,8,1,0.5,2023.08.03,13:43,30.8,8.9,12.9,2.4,7.9,6.8,1967,2.772,,,,0.099,,,,4.5,,460000.0,,,18.0,,0.06769,0.04545,,,,,0.04784,0.34,,0.04744
663,san10-2_8.xlsx,8.AUG/san10-2_8.xlsx,label_and_round,650,San10,Okgu stream,2023,8,2,0.5,2023.08.24,11:05,24.8,7.4,5.1,13.4,7.0,4.8,576,,,,,,,,,6.4,,,,,,,,,,,,,,,,
664,san11-1_8.xlsx,8.AUG/san11-1_8.xlsx,label_and_round,651,San11,Gunja stream,2023,8,1,0.5,2023.08.03,13:53,29.3,8.6,12.2,1.6,6.0,5.0,4168,3.036,,,,0.091,,,,3.3,,90000.0,,,11.0,,0.42901,0.05047,,0.056,0.0709,0.00611,0.38231,0.33,,0.04125
665,san11-2_8.xlsx,8.AUG/san11-2_8.xlsx,label_and_round,652,San11,Gunja stream,2023,8,2,0.5,2023.08.24,11:11,24.8,7.2,6.3,2.0,4.5,8.6,5291,,,,,,,,,3.0,,,,,,,,,,,,,,,,
666,san12-1_8.xlsx,8.AUG/san12-1_8.xlsx,label_and_round,653,San12,Jeongwang stream,2023,8,1,0.5,2023.08.03,14:02,28.9,8.7,12.9,3.2,6.8,8.4,4240,2.079,,,,0.109,,,,3.4,,300000.0,,,18.0,,0.13021,0.0146,,,0.0071,0.01793,0.09091,0.38,,0.05737
667,san12-2_8.xlsx,8.AUG/san12-2_8.xlsx,label_and_round,654,San12,Jeongwang stream,2023,8,2,0.5,2023.08.24,11:18,24.9,7.3,6.6,3.1,5.8,7.0,4316,,,,,,,,,3.4,,,,,,,,,,,,,,,,
668,san13-1_8.xlsx,8.AUG/san13-1_8.xlsx,label_and_round,655,San13,Je4ganseon-sulo,2023,8,1,0.5,2023.08.03,14:10,29.2,8.5,10.2,3.3,7.0,8.0,1885,2.155,,,,0.253,,,,3.3,,650000.0,,,14.0,,0.18636,0.04258,,,0.0461,0.05641,0.04431,0.29,,0.05143
669,san13-2_8.xlsx,8.AUG/san13-2_8.xlsx,label_and_round,656,San13,Je4ganseon-sulo,2023,8,2,0.5,2023.08.24,11:23,25.3,7.4,6.7,4.5,5.7,7.6,2479,,,,,,,,,3.5,,,,,,,,,,,,,,,,
670,san14-1_8.xlsx,8.AUG/san14-1_8.xlsx,label_and_round,647,San14,Shingil stream,2023,8,1,0.5,2023.08.03,14:22,31.5,8.4,9.8,6.2,8.4,25.4,1332,3.679,,,,0.193,,,,6.4,,440000.0,,,24.0,,0.51571,0.15354,,,0.0526,0.06158,0.01343,0.37,0.03052,0.06709
671,san14-2_8.xlsx,8.AUG/san14-2_8.xlsx,label_and_round,648,San14,Shingil stream,2023,8,2,0.5,2023.08.24,11:31,25.1,7.5,5.3,3.5,8.9,10.0,554,,,,,,,,,5.9,,,,,,,,,,,,,,,,
672,san15-1_8.xlsx,8.AUG/san15-1_8.xlsx,label_and_round,645,San15,Banwol stream,2023,8,1,0.5,2023.08.01,10:47,28.0,8.0,10.7,1.8,5.8,3.8,756,7.24,,,,0.053,,,,4.2,,200000.0,,,19.0,,0.10609,0.11157,,,,,0.00308,0.12,,0.08424
673,san15-2_8.xlsx,8.AUG/san15-2_8.xlsx,label_and_round,646,San15,Banwol stream,2023,8,2,0.5,2023.08.22,12:10,28.5,8.0,8.1,1.9,5.6,11.0,356,,,,,,,,,3.1,,,,,,,,,,,,,,,,
674,san16-1_8.xlsx,8.AUG/san16-1_8.xlsx,label_and_round,657,San16,Gumun stream,2023,8,1,0.5,2023.08.01,11:07,28.4,7.9,8.8,1.7,5.9,4.0,792,3.506,,,,0.167,,,,3.7,,140000.0,,,,,0.21735,0.09816,,,,,,0.19,,0.0888
675,san16-2_8.xlsx,8.AUG/san16-2_8.xlsx,label_and_round,658,San16,Gumun stream,2023,8,2,0.5,2023.08.22,11:40,27.2,7.7,7.8,1.4,6.4,4.4,1089,,,,,,,,,4.3,,,,,,,,,,,,,,,,
676,san17-1_8.xlsx,8.AUG/san17-1_8.xlsx,label_and_round,659,San17,Wonjeongli-sulo,2023,8,1,0.5,2023.08.01,13:20,31.2,7.5,5.2,1.8,7.1,32.4,2219,3.069,,,,0.177,,,,4.9,,430000.0,,,,,0.09141,0.15691,,,,,0.02502,0.23,0.01873,0.06561
677,san17-2_8.xlsx,8.AUG/san17-2_8.xlsx,label_and_round,660,San17,Wonjeongli-sulo,2023,8,2,0.5,2023.08.22,11:00,28.4,7.8,8.1,2.3,9.8,11.8,5548,,,,,,,,,6.6,,,,,,,,,,,,,,,,
678,san2-1_8.xlsx,8.AUG/san2-1_8.xlsx,label_and_round,639,San2,Cheonglyong stream,2023,8,1,0.5,2023.08.02,14:15,33.1,9.1,13.9,11.0,8.1,14.2,596,4.648,,,,0.228,,,,6.0,,96000.0,,,14.0,1.4,0.00846,0.03281,,,,,0.00989,0.14,,0.05079
679,san2-2_8.xlsx,8.AUG/san2-2_8.xlsx,label_and_round,640,San2,Cheonglyong stream,2023,8,2,0.5,2023.08.22,13:33,28.5,7.7,8.6,2.1,6.2,6.0,377,,,,,,,,,3.9,,,,,,,,,,,,,,,,
680,san3-1_8.xlsx,8.AUG/san3-1_8.xlsx,label_and_round,637,San3,Geonji stream,2023,8,1,0.5,2023.08.02,14:35,32.3,8.4,9.8,3.5,7.6,8.6,700,5.367,,,,0.283,,,,4.9,,1100000.0,,,,,0.16691,0.14874,,,,,0.02388,0.31,,0.05864
681,san3-2_8.xlsx,8.AUG/san3-2_8.xlsx,label_and_round,638,San3,Geonji stream,2023,8,2,0.5,2023.08.22,13:56,28.4,7.9,8.6,2.1,6.2,22.8,596,,,,,,,,,3.9,,,,,,,,,,,,,,,,
682,san4-1_8.xlsx,8.AUG/san4-1_8.xlsx,label_and_round,635,San4,Man-u stream,2023,8,1,0.5,2023.08.01,10:51,29.2,7.7,8.4,0.8,7.3,2.6,1206,4.118,,,,0.025,,,,5.5,,23000.0,,,,,0.09426,0.01984,0.01,,,0.03278,0.0213,5.94,0.08057,0.01191
683,san4-2_8.xlsx,8.AUG/san4-2_8.xlsx,label_and_round,636,San4,Man-u stream,2023,8,2,0.5,2023.08.21,12:00,30.0,7.5,7.9,0.6,8.3,3.0,1291,,,,,,,,,5.4,,,,,,,,,,,,,,,,
684,san5-1_8.xlsx,8.AUG/san5-1_8.xlsx,label_and_round,631,San5,Sin stream-1,2023,8,1,0.5,2023.08.03,10:22,25.7,8.2,9.8,1.7,6.4,3.6,501,3.824,,,,0.271,,,,3.3,,460000.0,,,18.0,,0.03307,0.03142,,,,0.00918,0.01352,,,0.05374
685,san5-2_8.xlsx,8.AUG/san5-2_8.xlsx,label_and_round,632,San5,Sin stream-1,2023,8,2,0.5,2023.08.28,10:51,21.9,7.9,8.2,2.0,5.3,6.6,478,,,,,,,,,3.4,,,,,,,,,,,,,,,,
686,san6-1_8.xlsx,8.AUG/san6-1_8.xlsx,label_and_round,633,San6,Sin stream-2,2023,8,1,0.5,2023.08.03,11:37,28.5,8.8,11.1,2.4,8.1,10.2,798,4.58,,,,0.107,,,,4.6,,100000.0,,,20.0,,0.02769,0.04774,,,,,0.00928,,,0.03979
687,san6-2_8.xlsx,8.AUG/san6-2_8.xlsx,label_and_round,634,San6,Sin stream-2,2023,8,2,0.5,2023.08.28,11:18,22.5,7.6,8.1,1.9,5.4,10.4,562,,,,,,,,,3.3,,,,,,,,,,,,,,,,
688,san7-1_8.xlsx,8.AUG/san7-1_8.xlsx,label_and_round,627,San7,Pocheon stream,2023,8,1,0.5,2023.08.03,12:30,27.1,8.6,10.8,1.2,3.9,1.6,410,3.831,,,,0.05,,,,2.3,,150000.0,,,11.0,,0.02217,0.02489,,,,,0.00256,,,0.05037
689,san7-2_8.xlsx,8.AUG/san7-2_8.xlsx,label_and_round,628,San7,Pocheon stream,2023,8,2,0.5,2023.08.28,13:02,21.6,7.7,8.7,1.2,3.6,7.0,304,,,,,,,,,2.1,,,,,,,,,,,,,,,,
690,san8-1_8.xlsx,8.AUG/san8-1_8.xlsx,label_and_round,629,San8,Yeongpyeong stream,2023,8,1,0.5,2023.08.03,12:13,25.9,8.7,9.7,1.2,3.7,2.2,384,4.248,,,,0.033,,,,2.0,,200000.0,,,14.0,,0.0123,0.0126,,,,0.00631,0.00442,,,0.03499
691,san8-2_8.xlsx,8.AUG/san8-2_8.xlsx,label_and_round,630,San8,Yeongpyeong stream,2023,8,2,0.5,2023.08.28,12:38,21.4,7.9,8.9,1.1,3.0,2.0,230,,,,,,,,,1.7,,,,,,,,,,,,,,,,
692,san9-1_8.xlsx,8.AUG/san9-1_8.xlsx,label_and_round,643,San9,Seung-gi stream,2023,8,1,0.5,2023.08.03,12:46,30.7,8.0,8.4,2.3,8.9,4.2,809,2.705,,,,0.446,,,,5.1,,140000.0,,,28.0,,0.03778,0.04133,,,,0.00877,0.02372,0.1,,0.02737
693,san9-2_8.xlsx,8.AUG/san9-2_8.xlsx,label_and_round,644,San9,Seung-gi stream,2023,8,2,0.5,2023.08.24,10:10,24.7,7.3,5.2,4.0,7.7,9.4,385,,,,,,,,,4.3,,,,,,,,,,,,,,,,
694,ha1-1_9.xlsx,9.SEP/ha1-1_9.xlsx,label_and_round,701,Ha1,Anseong stream3,2023,9,1,0.5,2023.09.06,11:40,28.1,8.3,9.7,4.4,8.1,20.9,469,3.608,3.5,2.803,0.065,0.136,0.102,0.076,113.8,6.0,,220000.0,8600.0,,,,,,,,,,,,,
695,ha1-2_9.xlsx,9.SEP/ha1-2_9.xlsx,label_and_round,702,Ha1,Anseong stream3,2023,9,2,0.5,2023.09.13,12:23,24.9,7.9,7.4,3.7,8.5,16.8,414,2.786,2.605,1.866,0.166,0.17,0.118,0.083,39.4,4.5,,300000.0,23000.0,,,,,,,,,,,,,
696,ha1-3_9.xlsx,9.SEP/ha1-3_9.xlsx,label_and_round,703,Ha1,Anseong stream3,2023,9,3,0.5,2023.09.19,13:05,26.1,7.8,8.3,2.8,7.0,12.0,382,3.242,3.13,2.346,0.373,0.217,0.155,0.136,29.7,4.5,,110000.0,24000.0,,,,,,,,,,,,,
697,ha1-4_9.xlsx,9.SEP/ha1-4_9.xlsx,label_and_round,704,Ha1,Anseong stream3,2023,9,4,0.5,2023.09.25,11:52,23.2,8.0,8.6,1.0,5.9,11.0,401,4.185,4.157,3.525,0.242,0.142,0.126,0.11,5.3,3.7,,94000.0,21000.0,,,,,,,,,,,,,
698,ha10_9.xlsx,9.SEP/ha10_9.xlsx,label_only,672,Ha10,Yeongdeungpo,2023,9,1,0.5,2023.09.12,11:18,26.5,8.7,9.4,1.4,4.8,9.0,239,2.718,2.657,2.371,0.016,0.033,0.01,,45.7,2.5,,53000.0,1500.0,,,,,,,,,,,,,
699,ha11_9.xlsx,9.SEP/ha11_9.xlsx,label_only,673,Ha11,Kimpo,2023,9,1,0.5,2023.09.12,11:42,27.0,8.3,8.8,1.6,4.7,5.8,265,3.319,3.265,2.714,0.167,0.041,0.018,0.009,7.2,2.6,,66000.0,2000.0,,,,,,,,,,,,,
700,ha12_9.xlsx,9.SEP/ha12_9.xlsx,label_only,674,Ha12,Paju,2023,9,1,0.5,2023.09.11,13:39,28.4,8.5,10.5,1.5,6.5,29.4,357,4.39,4.283,2.888,0.921,0.062,0.034,0.018,27.5,3.9,,120000.0,25000.0,,,,,,,,,,,,,
701,ha13_9.xlsx,9.SEP/ha13_9.xlsx,label_only,666,Ha13,Dogok,2023,9,1,0.5,2023.09.12,11:05,25.3,8.4,9.2,1.0,3.9,2.4,184,1.902,1.899,1.656,0.042,0.02,0.014,0.004,5.8,2.0,,31000.0,1000.0,,,,,,,,,,,,,
702,ha14_9.xlsx,9.SEP/ha14_9.xlsx,label_only,667,Ha14,Guri,2023,9,1,0.5,2023.09.12,10:00,25.1,8.1,9.2,0.8,4.0,2.0,180,1.899,1.88,1.705,0.015,0.012,0.008,,4.8,1.9,,12000.0,160.0,,,,,,,,,,,,,
703,ha15_9.xlsx,9.SEP/ha15_9.xlsx,label_only,668,Ha15,Amsa,2023,9,1,0.5,2023.09.12,10:10,25.7,8.2,9.1,0.7,3.3,2.2,152,1.884,1.88,1.684,0.017,0.013,0.008,,5.3,2.0,,6800.0,680.0,,,,,,,,,,,,,
704,ha16_9.xlsx,9.SEP/ha16_9.xlsx,label_only,669,Ha16,Jamsil,2023,9,1,0.5,2023.09.12,10:20,26.0,8.9,10.7,1.1,4.1,4.0,185,1.892,1.88,1.684,0.013,0.011,0.006,,4.1,2.1,,4200.0,230.0,,,,,,,,,,,,,
705,ha17_9.xlsx,9.SEP/ha17_9.xlsx,label_only,662,Ha17,Kyungan stream 3,2023,9,1,0.5,2023.09.18,12:49,26.1,8.1,8.6,0.9,3.1,9.0,368,2.084,2.081,1.862,0.085,0.078,0.057,0.054,3.4,1.8,,150000.0,50000.0,,,,,,,,,,,,,
706,ha18_9.xlsx,9.SEP/ha18_9.xlsx,label_only,663,Ha18,Kyungan stream 5,2023,9,1,0.5,2023.09.18,12:20,25.9,7.9,7.6,1.2,4.7,5.8,409,2.805,2.789,2.03,0.355,0.09,0.073,0.064,2.3,2.9,,110000.0,52000.0,,,,,,,,,,,,,
707,ha19_9.xlsx,9.SEP/ha19_9.xlsx,label_only,664,Ha19,Kyungan stream 7,2023,9,1,0.5,2023.09.18,11:10,25.2,8.0,8.3,1.2,3.9,11.0,385,2.497,2.495,2.196,0.1,0.065,0.049,0.044,8.5,2.5,,220000.0,26000.0,,,,,,,,,,,,,
708,ha2-1_9.xlsx,9.SEP/ha2-1_9.xlsx,label_and_round,665,Ha2,Kyungan stream11,2023,9,1,0.5,2023.09.18,10:32,25.6,8.2,8.1,1.6,4.3,8.4,304,2.274,2.14,1.826,0.099,0.06,0.04,0.025,5.9,2.5,,98000.0,16000.0,,,,,,,,,,,,,
709,ha21_9.xlsx,9.SEP/ha21_9.xlsx,label_only,661,Ha21,Kyungan stream 2,2023,9,1,0.5,2023.09.18,13:12,25.8,8.7,9.6,0.6,2.8,5.0,287,1.819,1.809,1.628,0.03,0.062,0.062,0.049,2.6,1.6,,290000.0,62000.0,,,,,,,,,,,,,
710,ha23_9.xlsx,9.SEP/ha23_9.xlsx,label_only,675,Ha23,Hantangang2,2023,9,1,0.5,2023.09.07,10:55,24.5,8.6,8.9,0.8,3.1,3.2,315,3.477,3.475,3.323,0.02,0.037,0.029,0.022,2.5,1.8,,48000.0,5400.0,,,,,,,,,,,,,
711,ha24_9.xlsx,9.SEP/ha24_9.xlsx,label_only,676,Ha24,Hantangang3,2023,9,1,0.5,2023.09.07,11:05,24.3,8.4,8.6,0.7,2.7,3.4,175,2.077,2.072,1.968,,0.025,0.021,0.016,0.8,1.3,,46000.0,8800.0,,,,,,,,,,,,,
712,ha25_9.xlsx,9.SEP/ha25_9.xlsx,label_only,677,Ha25,Hantangang4,2023,9,1,0.5,2023.09.07,11:40,26.1,8.3,8.8,0.6,2.7,3.0,178,2.139,2.117,2.019,0.032,0.029,0.023,0.019,1.2,1.3,,58000.0,13000.0,,,,,,,,,,,,,
713,ha26_9.xlsx,9.SEP/ha26_9.xlsx,label_only,678,Ha26,Nam-i island,2023,9,1,0.5,2023.09.11,10:30,26.1,9.1,11.1,0.9,3.4,2.8,104,1.332,1.287,1.187,,0.008,0.004,,4.8,1.9,,16000.0,400.0,,,,,,,,,,,,,
714,ha3-1_9.xlsx,9.SEP/ha3-1_9.xlsx,label_and_round,714,Ha3,Imjin stream 2,2023,9,1,0.5,2023.09.07,11:20,25.4,8.6,9.1,0.6,2.1,1.4,112,0.755,0.745,0.716,,0.018,0.013,0.004,1.2,1.2,,20000.0,640.0,,,,,,,,,,,,,
715,ha4-1_9.xlsx,9.SEP/ha4-1_9.xlsx,label_and_round,697,Ha4,Gayang,2023,9,1,0.5,2023.09.04,10:56,24.7,7.9,8.3,0.9,3.8,11.2,206,2.267,2.248,2.154,0.067,0.066,0.051,0.038,4.4,2.2,,44000.0,5200.0,,,,,,,,,,,,,
716,ha4-2_9.xlsx,9.SEP/ha4-2_9.xlsx,label_and_round,698,Ha4,Gayang,2023,9,2,0.5,2023.09.12,11:27,26.8,8.7,9.2,2.0,4.5,4.2,235,2.593,2.583,2.281,0.016,0.027,0.014,,11.7,2.6,,33000.0,1400.0,,,,,,,,,,,,,
717,ha4-3_9.xlsx,9.SEP/ha4-3_9.xlsx,label_and_round,699,Ha4,Gayang,2023,9,3,0.5,2023.09.18,10:32,25.0,7.9,7.6,0.8,3.5,8.0,253,2.109,2.077,1.734,0.176,0.049,0.038,0.031,3.3,2.1,,44000.0,8400.0,,,,,,,,,,,,,
718,ha4-4_9.xlsx,9.SEP/ha4-4_9.xlsx,label_and_round,700,Ha4,Gayang,2023,9,4,0.5,2023.09.25,11:35,21.6,7.8,8.9,0.5,4.7,12.2,175,2.475,2.474,2.164,0.07,0.108,0.096,0.082,7.9,2.9,,31000.0,7800.0,,,,,,,,,,,,,
719,ha5_9.xlsx,9.SEP/ha5_9.xlsx,label_only,713,Ha5,Ara stream 1,2023,9,1,0.5,2023.09.04,11:15,26.3,7.3,4.8,1.6,4.4,14.6,13680,2.548,2.494,1.242,1.211,0.257,0.229,0.202,5.5,3.2,,240000.0,10000.0,,,,,,,,,,,,,
720,ha6_9.xlsx,9.SEP/ha6_9.xlsx,label_only,715,Ha6,Ara stream 2,2023,9,1,0.5,2023.09.05,11:30,27.1,7.7,7.8,2.1,5.2,10.4,12720,3.373,2.592,1.421,1.086,0.255,0.208,0.181,43.5,3.9,,130000.0,24000.0,,,,,,,,,,,,,
721,ha7_9.xlsx,9.SEP/ha7_9.xlsx,label_only,688,Ha7,seonhaeng stream,2023,9,1,0.5,2023.09.18,11:26,23.8,8.0,8.6,1.3,3.9,3.2,336,2.983,2.959,2.685,0.076,0.155,0.147,0.134,1.4,2.3,,300000.0,22000.0,,,,,,,,,,,,,
722,ha8_9.xlsx,9.SEP/ha8_9.xlsx,label_only,670,Ha8,Ttukdo,2023,9,1,0.5,2023.09.12,10:41,25.9,8.8,8.8,1.4,4.4,6.4,212,2.129,2.101,1.855,0.027,0.019,0.009,,22.2,2.5,,39000.0,7600.0,,,,,,,,,,,,,
723,ha9_9.xlsx,9.SEP/ha9_9.xlsx,label_only,671,Ha9,Bogwang,2023,9,1,0.5,2023.09.12,10:47,26.4,8.8,8.8,1.2,4.3,4.2,225,2.391,2.363,2.084,0.032,0.021,0.008,,20.3,2.5,,24000.0,2200.0,,,,,,,,,,,,,
724,ho1_9.xlsx,9.SEP/ho1_9.xlsx,label_only,696,Ho1,Nam-yang lake 3,2023,9,1,0.5,2023.09.06,12:58,28.6,7.9,6.7,2.1,5.8,6.2,474,3.609,3.458,1.473,1.432,0.157,0.112,0.091,8.0,3.8,,76000.0,9000.0,,,,,,,,,,,,,
725,ho3_9.xlsx,9.SEP/ho3_9.xlsx,label_only,695,Ho3,Asan lake 3,2023,9,11,0.5,2023.09.18,12:14,27.5,8.8,10.0,4.2,9.9,16.4,696,3.089,2.951,2.156,0.31,0.124,0.064,0.038,93.0,5.6,0.6,550000.0,32000.0,,,,,,,,,,,,,
726,san1-1_9.xlsx,9.SEP/san1-1_9.xlsx,label_and_round,730,San1,Jang-an stream,2023,9,1,0.5,2023.09.06,11:10,25.4,7.9,6.2,3.1,6.0,11.6,410,4.137,,,,0.3,,,,3.2,,700000.0,,,,,0.04145,0.04528,,,,,0.0142,0.11,,0.03639
727,san1-2_9.xlsx,9.SEP/san1-2_9.xlsx,label_and_round,731,San1,Jang-an stream,2023,9,2,0.5,2023.09.19,11:37,22.9,7.9,7.0,2.4,4.6,4.8,462,,,,,,,,,2.8,,,,,,,,,,,,,,,,
728,san10-1_9.xlsx,9.SEP/san10-1_9.xlsx,label_and_round,738,San10,Okgu stream,2023,9,1,0.5,2023.09.05,12:51,27.6,8.0,7.3,7.2,8.7,12.4,8224,1.218,,,,0.088,,,,5.8,,2100000.0,,,19.0,,0.17715,0.04589,,,,,0.04785,0.44,,0.04835
729,san10-2_9.xlsx,9.SEP/san10-2_9.xlsx,label_and_round,739,San10,Okgu stream,2023,9,2,0.5,2023.09.19,12:25,26.5,8.1,8.1,3.0,5.8,3.4,1953,,,,,,,,,3.8,,,,,,,,,,,,,,,,
730,san11-1_9.xlsx,9.SEP/san11-1_9.xlsx,label_and_round,740,San11,Gunja stream,2023,9,1,0.5,2023.09.05,13:03,27.3,8.1,9.8,1.4,4.2,16.6,20991,1.535,,,,0.068,,,,3.3,,570000.0,,,11.0,0.5,0.27684,,,,0.0327,,0.37038,0.57,,0.04815
731,san11-2_9.xlsx,9.SEP/san11-2_9.xlsx,label_and_round,741,San11,Gunja stream,2023,9,2,0.5,2023.09.19,12:35,26.1,8.1,10.8,1.6,3.9,15.0,9513,,,,,,,,,3.3,,,,,,,,,,,,,,,,
732,san12-1_9.xlsx,9.SEP/san12-1_9.xlsx,label_and_round,742,San12,Jeongwang stream,2023,9,1,0.5,2023.09.05,13:12,26.7,7.9,7.6,1.8,3.9,12.0,14505,2.131,,,,0.108,,,,3.5,,270000.0,,,9.0,0.9,0.11498,0.00781,,,,0.00723,0.09359,0.48,,0.05126
733,san12-2_9.xlsx,9.SEP/san12-2_9.xlsx,label_and_round,743,San12,Jeongwang stream,2023,9,2,0.5,2023.09.19,12:45,25.9,8.0,8.1,3.5,5.7,7.2,8629,,,,,,,,,4.4,,,,,,,,,,,,,,,,
734,san13-1_9.xlsx,9.SEP/san13-1_9.xlsx,label_and_round,744,San13,Je4ganseon-sulo,2023,9,1,0.5,2023.09.05,13:24,27.4,8.2,9.7,1.5,4.2,3.4,1652,2.498,,,,0.155,,,,2.7,,1700000.0,,,10.0,,0.10285,0.01941,,0.053,0.0558,0.03212,0.05182,0.41,0.01734,0.06007
735,san13-2_9.xlsx,9.SEP/san13-2_9.xlsx,label_and_round,745,San13,Je4ganseon-sulo,2023,9,2,0.5,2023.09.19,12:50,26.0,8.3,9.8,2.7,6.6,3.2,4428,,,,,,,,,3.2,,,,,,,,,,,,,,,,
736,san14-1_9.xlsx,9.SEP/san14-1_9.xlsx,label_and_round,736,San14,Shingil stream,2023,9,1,0.5,2023.09.05,13:37,28.3,7.7,2.2,6.3,10.1,7.6,2236,5.441,,,,0.29,,,,7.8,,10000000.0,,,32.0,,0.40823,0.17742,,,0.0345,0.05091,0.02225,0.44,0.05807,0.05918
737,san14-2_9.xlsx,9.SEP/san14-2_9.xlsx,label_and_round,737,San14,Shingil stream,2023,9,2,0.5,2023.09.19,13:02,27.8,7.9,3.8,7.5,13.1,6.4,1799,,,,,,,,,9.2,,,,,,,,,,,,,,,,
738,san15-1_9.xlsx,9.SEP/san15-1_9.xlsx,label_and_round,734,San15,Banwol stream,2023,9,1,0.5,2023.09.06,13:41,27.8,8.4,10.6,1.1,4.3,2.6,692,5.795,,,,0.08,,,,2.6,,160000.0,,,15.0,,0.02667,0.07779,,,,,0.00525,0.15,,0.06871
739,san15-2_9.xlsx,9.SEP/san15-2_9.xlsx,label_and_round,735,San15,Banwol stream,2023,9,2,0.5,2023.09.21,14:00,22.7,7.9,8.5,2.3,5.5,3.0,385,,,,,,,,,3.1,,,,,,,,,,,,,,,,
740,san16-1_9.xlsx,9.SEP/san16-1_9.xlsx,label_and_round,746,San16,Gumun stream,2023,9,1,0.5,2023.09.06,12:53,26.3,7.8,5.9,1.8,6.6,5.2,844,4.688,,,,0.111,,,,4.5,,580000.0,,,,,0.19509,0.11792,,,,,0.0105,0.16,,0.08864
741,san16-2_9.xlsx,9.SEP/san16-2_9.xlsx,label_and_round,747,San16,Gumun stream,2023,9,2,0.5,2023.09.21,13:30,21.7,7.7,7.0,2.8,7.3,47.2,486,,,,,,,,,4.5,,,,,,,,,,,,,,,,
742,san17-1_9.xlsx,9.SEP/san17-1_9.xlsx,label_and_round,748,San17,Wonjeongli-sulo,2023,9,1,0.5,2023.09.06,11:48,29.3,7.9,7.2,3.4,8.2,16.2,3268,3.701,,,,0.142,,,,6.0,,340000.0,,,,1.8,0.04536,0.03566,,,0.0115,,0.03448,0.47,0.03038,0.0495
743,san17-2_9.xlsx,9.SEP/san17-2_9.xlsx,label_and_round,749,San17,Wonjeongli-sulo,2023,9,2,0.5,2023.09.21,11:15,22.0,7.9,7.4,3.4,8.6,29.7,1028,,,,,,,,,5.2,,,,,,,,,,,,,,,,
744,san2-1_9.xlsx,9.SEP/san2-1_9.xlsx,label_and_round,728,San2,Cheonglyong stream,2023,9,1,0.5,2023.09.06,13:40,28.8,8.1,10.0,1.9,6.1,7.0,731,5.075,,,,0.125,,,,4.2,,52000.0,,,22.0,,0.0727,0.02827,,,,,0.00854,0.19,,0.04958
745,san2-2_9.xlsx,9.SEP/san2-2_9.xlsx,label_and_round,729,San2,Cheonglyong stream,2023,9,2,0.5,2023.09.19,13:40,27.0,7.7,8.0,1.6,6.8,4.2,746,,,,,,,,,4.4,,,,,,,,,,,,,,,,
746,san3-1_9.xlsx,9.SEP/san3-1_9.xlsx,label_and_round,726,San3,Geonji stream,2023,9,1,0.5,2023.09.06,14:10,30.7,8.2,8.1,3.8,9.1,38.4,833,6.727,,,,0.275,,,,6.0,,240000.0,,,,0.8,0.07044,0.13182,,,,,0.00972,0.44,,0.03992
747,san3-2_9.xlsx,9.SEP/san3-2_9.xlsx,label_and_round,727,San3,Geonji stream,2023,9,2,0.5,2023.09.19,14:05,26.7,7.9,7.8,2.7,6.9,20.6,714,,,,,,,,,4.3,,,,,,,,,,,,,,,,
748,san4-1_9.xlsx,9.SEP/san4-1_9.xlsx,label_and_round,724,San4,Man-u stream,2023,9,1,0.5,2023.09.04,11:33,27.9,7.3,7.9,0.6,7.2,6.2,1088,6.104,,,,0.038,,,,5.6,,46000.0,,,,1.0,0.09325,,,,,0.01523,0.027,5.18,0.10284,0.0142
749,san4-2_9.xlsx,9.SEP/san4-2_9.xlsx,label_and_round,725,San4,Man-u stream,2023,9,2,0.5,2023.09.18,11:09,28.0,7.6,8.2,0.7,7.4,2.0,1206,,,,,,,,,5.7,,,,,,,,,,,,,,,,
750,san5-1_9.xlsx,9.SEP/san5-1_9.xlsx,label_and_round,720,San5,Sin stream-1,2023,9,1,0.5,2023.09.05,10:25,23.0,8.1,9.4,1.1,4.4,2.8,827,4.514,,,,0.089,,,,3.0,,250000.0,,,16.0,,0.03858,0.06859,,,,,0.01385,0.12,,0.05462
751,san5-2_9.xlsx,9.SEP/san5-2_9.xlsx,label_and_round,721,San5,Sin stream-1,2023,9,2,0.5,2023.09.21,10:30,19.9,7.9,8.7,2.1,5.7,4.2,685,,,,,,,,,4.2,,,,,,,,,,,,,,,,
752,san6-1_9.xlsx,9.SEP/san6-1_9.xlsx,label_and_round,722,San6,Sin stream-2,2023,9,1,0.5,2023.09.05,10:43,25.1,8.4,9.1,1.6,5.5,4.4,724,5.054,,,,0.159,,,,3.8,,420000.0,,,20.0,,0.02091,0.05031,,,,,0.023,0.12,,0.03848
753,san6-2_9.xlsx,9.SEP/san6-2_9.xlsx,label_and_round,723,San6,Sin stream-2,2023,9,2,0.5,2023.09.21,11:46,23.1,7.8,7.9,4.4,10.5,11.2,1566,,,,,,,,,7.3,,,,,,,,,,,,,,,,
754,san7-1_9.xlsx,9.SEP/san7-1_9.xlsx,label_and_round,716,San7,Pocheon stream,2023,9,1,0.5,2023.09.05,13:06,27.6,8.8,9.9,0.9,3.3,3.2,425,4.313,,,,0.078,,,,2.3,,58000.0,,,13.0,,0.01386,0.01496,,,,,0.01665,,,0.04887
755,san7-2_9.xlsx,9.SEP/san7-2_9.xlsx,label_and_round,717,San7,Pocheon stream,2023,9,2,0.5,2023.09.21,12:42,21.4,8.2,9.8,4.4,6.2,3.8,434,,,,,,,,,4.2,,,,,,,,,,,,,,,,
756,san8-1_9.xlsx,9.SEP/san8-1_9.xlsx,label_and_round,718,San8,Yeongpyeong stream,2023,9,1,0.5,2023.09.05,12:41,25.6,8.6,9.4,1.0,3.1,2.4,420,4.086,,,,0.054,,,,2.0,,110000.0,,,13.0,,0.01202,0.02112,,,,,0.01156,0.12,,0.03224
757,san8-2_9.xlsx,9.SEP/san8-2_9.xlsx,label_and_round,719,San8,Yeongpyeong stream,2023,9,2,0.5,2023.09.21,12:24,20.8,8.2,10.0,4.1,5.7,4.4,383,,,,,,,,,3.7,,,,,,,,,,,,,,,,
758,san9-1_9.xlsx,9.SEP/san9-1_9.xlsx,label_and_round,732,San9,Seung-gi stream,2023,9,1,0.5,2023.09.05,11:06,26.9,7.8,7.5,1.4,8.0,3.4,830,1.499,,,,0.281,,,,5.1,,62000.0,,,28.0,,0.044,0.05643,,,,,0.01773,0.13,,0.03298
759,san9-2_9.xlsx,9.SEP/san9-2_9.xlsx,label_and_round,733,San9,Seung-gi stream,2023,9,2,0.5,2023.09.19,11:00,25.7,7.6,5.0,1.7,7.4,3.4,815,,,,,,,,,4.8,,,,,,,,,,,,,,,,
